recordedAt,subjectId,subjectName,category,action,quantity,unit,occurredAt,durationSeconds,deviceId,deviceName,context,sourceEndpoint,attribution
2026-06-19T01:51:21+00:00,cat-joule,Joule,feeding,food_change,7.0,g,2026-06-19T01:51:21+00:00,117,feeder-joule,Joule's feeder,1,/demo,pet
2026-06-19T02:33:29+00:00,cat-joule,Joule,feeding,food_change,11.0,g,2026-06-19T02:33:29+00:00,170,feeder-joule,Joule's feeder,1,/demo,pet
2026-06-19T03:56:03+00:00,cat-pascal,Pascal,feeding,food_change,5.0,g,2026-06-19T03:56:03+00:00,116,feeder-pascal,Pascal's feeder,1,/demo,pet
2026-06-19T05:19:37+00:00,cat-joule,Joule,feeding,food_change,6.0,g,2026-06-19T05:19:37+00:00,112,feeder-joule,Joule's feeder,1,/demo,pet
2026-06-19T10:00:23+00:00,cat-pascal,Pascal,feeding,food_change,4.0,g,2026-06-19T10:00:23+00:00,127,feeder-pascal,Pascal's feeder,1,/demo,pet
2026-06-19T10:32:55+00:00,cat-pascal,Pascal,feeding,food_change,2.0,g,2026-06-19T10:32:55+00:00,88,feeder-pascal,Pascal's feeder,1,/demo,pet
2026-06-19T10:34:03+00:00,cat-pascal,Pascal,feeding,food_change,4.0,g,2026-06-19T10:34:03+00:00,54,feeder-pascal,Pascal's feeder,1,/demo,pet
2026-06-19T10:54:28+00:00,cat-pascal,Pascal,feeding,food_change,4.0,g,2026-06-19T10:54:28+00:00,110,feeder-pascal,Pascal's feeder,1,/demo,pet
2026-06-19T11:03:21+00:00,cat-joule,Joule,feeding,food_change,10.0,g,2026-06-19T11:03:21+00:00,153,feeder-joule,Joule's feeder,1,/demo,pet
2026-06-19T11:11:04+00:00,cat-joule,Joule,feeding,food_change,4.0,g,2026-06-19T11:11:04+00:00,82,feeder-joule,Joule's feeder,1,/demo,pet
2026-06-19T11:53:52+00:00,cat-pascal,Pascal,feeding,food_change,4.0,g,2026-06-19T11:53:52+00:00,104,feeder-pascal,Pascal's feeder,1,/demo,pet
2026-06-19T15:11:29+00:00,cat-joule,Joule,feeding,food_change,5.0,g,2026-06-19T15:11:29+00:00,155,feeder-joule,Joule's feeder,1,/demo,pet
2026-06-19T15:50:24+00:00,cat-pascal,Pascal,feeding,food_change,6.0,g,2026-06-19T15:50:24+00:00,194,feeder-pascal,Pascal's feeder,1,/demo,pet
2026-06-19T16:27:41+00:00,cat-pascal,Pascal,feeding,food_change,2.0,g,2026-06-19T16:27:41+00:00,3,feeder-pascal,Pascal's feeder,5,/demo,food_addition
2026-06-19T16:30:16+00:00,cat-pascal,Pascal,feeding,food_change,4.0,g,2026-06-19T16:30:16+00:00,148,feeder-pascal,Pascal's feeder,1,/demo,pet
2026-06-19T17:06:57+00:00,cat-pascal,Pascal,feeding,food_change,54.0,g,2026-06-19T17:06:57+00:00,6,feeder-pascal,Pascal's feeder,5,/demo,food_addition
2026-06-19T17:08:30+00:00,cat-pascal,Pascal,feeding,food_change,3.0,g,2026-06-19T17:08:30+00:00,83,feeder-pascal,Pascal's feeder,1,/demo,pet
2026-06-19T17:27:31+00:00,cat-pascal,Pascal,feeding,food_change,7.0,g,2026-06-19T17:27:31+00:00,112,feeder-pascal,Pascal's feeder,1,/demo,pet
2026-06-19T17:41:20+00:00,cat-joule,Joule,feeding,food_change,10.0,g,2026-06-19T17:41:20+00:00,282,feeder-joule,Joule's feeder,1,/demo,pet
2026-06-19T17:44:32+00:00,cat-pascal,Pascal,feeding,food_change,5.0,g,2026-06-19T17:44:32+00:00,95,feeder-pascal,Pascal's feeder,1,/demo,pet
2026-06-19T22:23:18+00:00,cat-pascal,Pascal,feeding,food_change,4.0,g,2026-06-19T22:23:18+00:00,104,feeder-pascal,Pascal's feeder,1,/demo,pet
2026-06-19T22:26:19+00:00,cat-joule,Joule,feeding,food_change,9.0,g,2026-06-19T22:26:19+00:00,240,feeder-joule,Joule's feeder,1,/demo,pet
2026-06-20T00:11:04+00:00,cat-joule,Joule,feeding,food_change,9.0,g,2026-06-20T00:11:04+00:00,233,feeder-joule,Joule's feeder,1,/demo,pet
2026-06-20T01:54:38+00:00,cat-joule,Joule,feeding,food_change,4.0,g,2026-06-20T01:54:38+00:00,83,feeder-joule,Joule's feeder,1,/demo,pet
2026-06-20T02:20:43+00:00,cat-joule,Joule,feeding,food_change,7.0,g,2026-06-20T02:20:43+00:00,185,feeder-joule,Joule's feeder,1,/demo,pet
2026-06-20T02:52:17+00:00,cat-pascal,Pascal,feeding,food_change,5.0,g,2026-06-20T02:52:17+00:00,172,feeder-pascal,Pascal's feeder,1,/demo,pet
2026-06-20T03:16:37+00:00,cat-joule,Joule,feeding,food_change,5.0,g,2026-06-20T03:16:37+00:00,223,feeder-joule,Joule's feeder,1,/demo,pet
2026-06-20T04:44:55+00:00,cat-pascal,Pascal,feeding,food_change,5.0,g,2026-06-20T04:44:55+00:00,95,feeder-pascal,Pascal's feeder,1,/demo,pet
2026-06-20T05:16:28+00:00,cat-pascal,Pascal,feeding,food_change,4.0,g,2026-06-20T05:16:28+00:00,110,feeder-pascal,Pascal's feeder,1,/demo,pet
2026-06-20T06:28:30+00:00,cat-joule,Joule,feeding,food_change,4.0,g,2026-06-20T06:28:30+00:00,90,feeder-joule,Joule's feeder,1,/demo,pet
2026-06-20T07:22:38+00:00,cat-pascal,Pascal,feeding,food_change,2.0,g,2026-06-20T07:22:38+00:00,67,feeder-pascal,Pascal's feeder,1,/demo,pet
2026-06-20T11:32:18+00:00,cat-joule,Joule,feeding,food_change,6.0,g,2026-06-20T11:32:18+00:00,117,feeder-joule,Joule's feeder,1,/demo,pet
2026-06-20T11:44:01+00:00,cat-pascal,Pascal,feeding,food_change,3.0,g,2026-06-20T11:44:01+00:00,97,feeder-pascal,Pascal's feeder,1,/demo,pet
2026-06-20T12:56:36+00:00,cat-pascal,Pascal,feeding,food_change,4.0,g,2026-06-20T12:56:36+00:00,157,feeder-pascal,Pascal's feeder,1,/demo,pet
2026-06-20T13:11:44+00:00,cat-pascal,Pascal,feeding,food_change,2.0,g,2026-06-20T13:11:44+00:00,78,feeder-pascal,Pascal's feeder,1,/demo,pet
2026-06-20T13:30:18+00:00,cat-joule,Joule,feeding,food_change,6.0,g,2026-06-20T13:30:18+00:00,129,feeder-joule,Joule's feeder,1,/demo,pet
2026-06-20T14:22:35+00:00,cat-pascal,Pascal,feeding,food_change,3.0,g,2026-06-20T14:22:35+00:00,124,feeder-pascal,Pascal's feeder,1,/demo,pet
2026-06-20T16:40:24+00:00,cat-pascal,Pascal,feeding,food_change,1.0,g,2026-06-20T16:40:24+00:00,5,feeder-pascal,Pascal's feeder,5,/demo,food_addition
2026-06-20T16:42:29+00:00,cat-pascal,Pascal,feeding,food_change,3.0,g,2026-06-20T16:42:29+00:00,110,feeder-pascal,Pascal's feeder,1,/demo,pet
2026-06-20T17:03:22+00:00,cat-joule,Joule,feeding,food_change,10.0,g,2026-06-20T17:03:22+00:00,398,feeder-joule,Joule's feeder,1,/demo,pet
2026-06-20T17:06:58+00:00,cat-joule,Joule,feeding,food_change,73.0,g,2026-06-20T17:06:58+00:00,4,feeder-joule,Joule's feeder,5,/demo,food_addition
2026-06-20T17:06:59+00:00,cat-pascal,Pascal,feeding,food_change,57.0,g,2026-06-20T17:06:59+00:00,7,feeder-pascal,Pascal's feeder,5,/demo,food_addition
2026-06-20T17:07:42+00:00,cat-joule,Joule,feeding,food_change,74.0,g,2026-06-20T17:07:42+00:00,3,feeder-joule,Joule's feeder,5,/demo,food_addition
2026-06-20T17:07:42+00:00,cat-pascal,Pascal,feeding,food_change,74.0,g,2026-06-20T17:07:42+00:00,3,feeder-pascal,Pascal's feeder,5,/demo,food_addition
2026-06-20T17:21:47+00:00,cat-pascal,Pascal,feeding,food_change,10.0,g,2026-06-20T17:21:47+00:00,156,feeder-pascal,Pascal's feeder,1,/demo,pet
2026-06-20T17:34:18+00:00,cat-joule,Joule,feeding,food_change,3.0,g,2026-06-20T17:34:18+00:00,96,feeder-joule,Joule's feeder,1,/demo,pet
2026-06-20T17:35:03+00:00,cat-pascal,Pascal,feeding,food_change,2.0,g,2026-06-20T17:35:03+00:00,55,feeder-pascal,Pascal's feeder,1,/demo,pet
2026-06-20T17:35:55+00:00,cat-pascal,Pascal,feeding,food_change,2.0,g,2026-06-20T17:35:55+00:00,44,feeder-pascal,Pascal's feeder,1,/demo,pet
2026-06-21T05:44:13+00:00,cat-joule,Joule,feeding,food_change,9.0,g,2026-06-21T05:44:13+00:00,111,feeder-joule,Joule's feeder,1,/demo,pet
2026-06-21T05:50:30+00:00,cat-joule,Joule,feeding,food_change,2.0,g,2026-06-21T05:50:30+00:00,64,feeder-joule,Joule's feeder,1,/demo,pet
2026-06-21T05:56:54+00:00,cat-pascal,Pascal,feeding,food_change,4.0,g,2026-06-21T05:56:54+00:00,98,feeder-pascal,Pascal's feeder,1,/demo,pet
2026-06-21T06:33:58+00:00,cat-joule,Joule,feeding,food_change,6.0,g,2026-06-21T06:33:58+00:00,87,feeder-joule,Joule's feeder,1,/demo,pet
2026-06-21T06:42:07+00:00,cat-pascal,Pascal,feeding,food_change,6.0,g,2026-06-21T06:42:07+00:00,115,feeder-pascal,Pascal's feeder,1,/demo,pet
2026-06-21T08:19:59+00:00,cat-joule,Joule,feeding,food_change,4.0,g,2026-06-21T08:19:59+00:00,80,feeder-joule,Joule's feeder,1,/demo,pet
2026-06-21T08:53:09+00:00,cat-pascal,Pascal,feeding,food_change,5.0,g,2026-06-21T08:53:09+00:00,133,feeder-pascal,Pascal's feeder,1,/demo,pet
2026-06-21T09:14:41+00:00,cat-pascal,Pascal,feeding,food_change,5.0,g,2026-06-21T09:14:41+00:00,144,feeder-pascal,Pascal's feeder,1,/demo,pet
2026-06-21T11:18:16+00:00,cat-pascal,Pascal,feeding,food_change,2.0,g,2026-06-21T11:18:16+00:00,84,feeder-pascal,Pascal's feeder,1,/demo,pet
2026-06-21T13:00:09+00:00,cat-pascal,Pascal,feeding,food_change,6.0,g,2026-06-21T13:00:09+00:00,148,feeder-pascal,Pascal's feeder,1,/demo,pet
2026-06-21T17:20:43+00:00,cat-pascal,Pascal,feeding,food_change,5.0,g,2026-06-21T17:20:43+00:00,142,feeder-pascal,Pascal's feeder,1,/demo,pet
2026-06-21T23:02:05+00:00,cat-joule,Joule,feeding,food_change,4.0,g,2026-06-21T23:02:05+00:00,89,feeder-joule,Joule's feeder,1,/demo,pet
2026-06-22T00:38:36+00:00,cat-joule,Joule,feeding,food_change,9.0,g,2026-06-22T00:38:36+00:00,150,feeder-joule,Joule's feeder,1,/demo,pet
2026-06-22T01:58:32+00:00,cat-pascal,Pascal,feeding,food_change,16.0,g,2026-06-22T01:58:32+00:00,6,feeder-pascal,Pascal's feeder,5,/demo,food_addition
2026-06-22T02:13:07+00:00,cat-joule,Joule,feeding,food_change,3.0,g,2026-06-22T02:13:07+00:00,70,feeder-joule,Joule's feeder,1,/demo,pet
2026-06-22T04:13:29+00:00,cat-joule,Joule,feeding,food_change,2.0,g,2026-06-22T04:13:29+00:00,65,feeder-joule,Joule's feeder,1,/demo,pet
2026-06-22T04:26:35+00:00,cat-pascal,Pascal,feeding,food_change,5.0,g,2026-06-22T04:26:35+00:00,87,feeder-pascal,Pascal's feeder,1,/demo,pet
2026-06-22T07:08:50+00:00,cat-joule,Joule,feeding,food_change,6.0,g,2026-06-22T07:08:50+00:00,96,feeder-joule,Joule's feeder,1,/demo,pet
2026-06-22T07:43:51+00:00,cat-pascal,Pascal,feeding,food_change,2.0,g,2026-06-22T07:43:51+00:00,36,feeder-pascal,Pascal's feeder,1,/demo,pet
2026-06-22T07:45:03+00:00,cat-pascal,Pascal,feeding,food_change,2.0,g,2026-06-22T07:45:03+00:00,58,feeder-pascal,Pascal's feeder,1,/demo,pet
2026-06-22T07:55:52+00:00,cat-joule,Joule,feeding,food_change,7.0,g,2026-06-22T07:55:52+00:00,115,feeder-joule,Joule's feeder,1,/demo,pet
2026-06-22T11:05:18+00:00,cat-pascal,Pascal,feeding,food_change,5.0,g,2026-06-22T11:05:18+00:00,192,feeder-pascal,Pascal's feeder,1,/demo,pet
2026-06-22T11:50:52+00:00,cat-joule,Joule,feeding,food_change,3.0,g,2026-06-22T11:50:52+00:00,84,feeder-joule,Joule's feeder,1,/demo,pet
2026-06-22T15:05:24+00:00,cat-pascal,Pascal,feeding,food_change,3.0,g,2026-06-22T15:05:24+00:00,108,feeder-pascal,Pascal's feeder,1,/demo,pet
2026-06-22T15:15:56+00:00,cat-joule,Joule,feeding,food_change,5.0,g,2026-06-22T15:15:56+00:00,133,feeder-joule,Joule's feeder,1,/demo,pet
2026-06-22T15:21:18+00:00,cat-pascal,Pascal,feeding,food_change,4.0,g,2026-06-22T15:21:18+00:00,94,feeder-pascal,Pascal's feeder,1,/demo,pet
2026-06-22T15:32:37+00:00,cat-pascal,Pascal,feeding,food_change,2.0,g,2026-06-22T15:32:37+00:00,82,feeder-pascal,Pascal's feeder,1,/demo,pet
2026-06-22T15:33:55+00:00,cat-joule,Joule,feeding,food_change,3.0,g,2026-06-22T15:33:55+00:00,112,feeder-joule,Joule's feeder,1,/demo,pet
2026-06-22T16:34:13+00:00,cat-pascal,Pascal,feeding,food_change,2.0,g,2026-06-22T16:34:13+00:00,72,feeder-pascal,Pascal's feeder,1,/demo,pet
2026-06-22T17:11:00+00:00,cat-pascal,Pascal,feeding,food_change,18.0,g,2026-06-22T17:11:00+00:00,4,feeder-pascal,Pascal's feeder,5,/demo,food_addition
2026-06-22T17:17:08+00:00,cat-joule,Joule,feeding,food_change,4.0,g,2026-06-22T17:17:08+00:00,115,feeder-joule,Joule's feeder,1,/demo,pet
2026-06-22T17:36:03+00:00,cat-pascal,Pascal,feeding,food_change,5.0,g,2026-06-22T17:36:03+00:00,98,feeder-pascal,Pascal's feeder,1,/demo,pet
2026-06-22T19:44:32+00:00,cat-joule,Joule,feeding,food_change,3.0,g,2026-06-22T19:44:32+00:00,73,feeder-joule,Joule's feeder,1,/demo,pet
2026-06-23T04:37:44+00:00,cat-joule,Joule,feeding,food_change,4.0,g,2026-06-23T04:37:44+00:00,134,feeder-joule,Joule's feeder,1,/demo,pet
2026-06-23T04:54:06+00:00,cat-pascal,Pascal,feeding,food_change,8.0,g,2026-06-23T04:54:06+00:00,77,feeder-pascal,Pascal's feeder,1,/demo,pet
2026-06-23T05:48:20+00:00,cat-joule,Joule,feeding,food_change,12.0,g,2026-06-23T05:48:20+00:00,210,feeder-joule,Joule's feeder,1,/demo,pet
2026-06-23T10:50:58+00:00,cat-pascal,Pascal,feeding,food_change,3.0,g,2026-06-23T10:50:58+00:00,83,feeder-pascal,Pascal's feeder,1,/demo,pet
2026-06-23T10:51:48+00:00,cat-pascal,Pascal,feeding,food_change,2.0,g,2026-06-23T10:51:48+00:00,38,feeder-pascal,Pascal's feeder,1,/demo,pet
2026-06-23T11:35:26+00:00,cat-pascal,Pascal,feeding,food_change,6.0,g,2026-06-23T11:35:26+00:00,115,feeder-pascal,Pascal's feeder,1,/demo,pet
2026-06-23T11:37:29+00:00,cat-joule,Joule,feeding,food_change,8.0,g,2026-06-23T11:37:29+00:00,149,feeder-joule,Joule's feeder,1,/demo,pet
2026-06-23T11:43:34+00:00,cat-pascal,Pascal,feeding,food_change,2.0,g,2026-06-23T11:43:34+00:00,68,feeder-pascal,Pascal's feeder,1,/demo,pet
2026-06-23T13:35:52+00:00,cat-joule,Joule,feeding,food_change,3.0,g,2026-06-23T13:35:52+00:00,94,feeder-joule,Joule's feeder,1,/demo,pet
2026-06-23T15:41:42+00:00,cat-pascal,Pascal,feeding,food_change,3.0,g,2026-06-23T15:41:42+00:00,107,feeder-pascal,Pascal's feeder,1,/demo,pet
2026-06-23T15:53:04+00:00,cat-pascal,Pascal,feeding,food_change,2.0,g,2026-06-23T15:53:04+00:00,110,feeder-pascal,Pascal's feeder,1,/demo,pet
2026-06-23T16:59:41+00:00,cat-pascal,Pascal,feeding,food_change,4.0,g,2026-06-23T16:59:41+00:00,141,feeder-pascal,Pascal's feeder,1,/demo,pet
2026-06-23T17:19:59+00:00,cat-joule,Joule,feeding,food_change,8.0,g,2026-06-23T17:19:59+00:00,201,feeder-joule,Joule's feeder,1,/demo,pet
2026-06-23T17:21:42+00:00,cat-pascal,Pascal,feeding,food_change,3.0,g,2026-06-23T17:21:42+00:00,124,feeder-pascal,Pascal's feeder,1,/demo,pet
2026-06-23T19:20:42+00:00,cat-pascal,Pascal,feeding,food_change,3.0,g,2026-06-23T19:20:42+00:00,112,feeder-pascal,Pascal's feeder,1,/demo,pet
2026-06-23T23:13:13+00:00,cat-joule,Joule,feeding,food_change,9.0,g,2026-06-23T23:13:13+00:00,205,feeder-joule,Joule's feeder,1,/demo,pet
2026-06-24T01:57:28+00:00,cat-joule,Joule,feeding,food_change,3.0,g,2026-06-24T01:57:28+00:00,75,feeder-joule,Joule's feeder,1,/demo,pet
2026-06-24T03:51:48+00:00,cat-joule,Joule,feeding,food_change,7.0,g,2026-06-24T03:51:48+00:00,203,feeder-joule,Joule's feeder,1,/demo,pet
2026-06-24T04:00:27+00:00,cat-pascal,Pascal,feeding,food_change,46.0,g,2026-06-24T04:00:27+00:00,8,feeder-pascal,Pascal's feeder,5,/demo,food_addition
2026-06-24T04:00:39+00:00,cat-joule,Joule,feeding,food_change,34.0,g,2026-06-24T04:00:39+00:00,2,feeder-joule,Joule's feeder,5,/demo,food_addition
2026-06-24T05:17:48+00:00,cat-joule,Joule,feeding,food_change,6.0,g,2026-06-24T05:17:48+00:00,174,feeder-joule,Joule's feeder,1,/demo,pet
2026-06-24T05:37:44+00:00,cat-joule,Joule,feeding,food_change,6.0,g,2026-06-24T05:37:44+00:00,177,feeder-joule,Joule's feeder,1,/demo,pet
2026-06-24T07:06:16+00:00,cat-pascal,Pascal,feeding,food_change,6.0,g,2026-06-24T07:06:16+00:00,155,feeder-pascal,Pascal's feeder,1,/demo,pet
2026-06-24T07:09:38+00:00,cat-pascal,Pascal,feeding,food_change,2.0,g,2026-06-24T07:09:38+00:00,48,feeder-pascal,Pascal's feeder,1,/demo,pet
2026-06-24T10:59:25+00:00,cat-pascal,Pascal,feeding,food_change,8.0,g,2026-06-24T10:59:25+00:00,190,feeder-pascal,Pascal's feeder,1,/demo,pet
2026-06-24T11:18:55+00:00,cat-pascal,Pascal,feeding,food_change,5.0,g,2026-06-24T11:18:55+00:00,139,feeder-pascal,Pascal's feeder,1,/demo,pet
2026-06-24T11:39:56+00:00,cat-joule,Joule,feeding,food_change,8.0,g,2026-06-24T11:39:56+00:00,131,feeder-joule,Joule's feeder,1,/demo,pet
2026-06-24T12:59:43+00:00,cat-pascal,Pascal,feeding,food_change,7.0,g,2026-06-24T12:59:43+00:00,202,feeder-pascal,Pascal's feeder,1,/demo,pet
2026-06-24T14:08:48+00:00,cat-joule,Joule,feeding,food_change,7.0,g,2026-06-24T14:08:48+00:00,136,feeder-joule,Joule's feeder,1,/demo,pet
2026-06-24T17:01:27+00:00,cat-pascal,Pascal,feeding,food_change,2.0,g,2026-06-24T17:01:27+00:00,75,feeder-pascal,Pascal's feeder,1,/demo,pet
2026-06-24T17:37:08+00:00,cat-pascal,Pascal,feeding,food_change,25.0,g,2026-06-24T17:37:08+00:00,4,feeder-pascal,Pascal's feeder,5,/demo,food_addition
2026-06-24T17:39:51+00:00,cat-pascal,Pascal,feeding,food_change,40.0,g,2026-06-24T17:39:51+00:00,135,feeder-pascal,Pascal's feeder,1,/demo,pet
2026-06-24T19:02:07+00:00,cat-joule,Joule,feeding,food_change,46.0,g,2026-06-24T19:02:07+00:00,41,feeder-joule,Joule's feeder,5,/demo,food_addition
2026-06-24T19:02:07+00:00,cat-pascal,Pascal,feeding,food_change,46.0,g,2026-06-24T19:02:07+00:00,41,feeder-pascal,Pascal's feeder,5,/demo,food_addition
2026-06-24T19:02:09+00:00,cat-joule,Joule,feeding,food_change,50.0,g,2026-06-24T19:02:09+00:00,43,feeder-joule,Joule's feeder,5,/demo,food_addition
2026-06-24T19:02:09+00:00,cat-pascal,Pascal,feeding,food_change,50.0,g,2026-06-24T19:02:09+00:00,43,feeder-pascal,Pascal's feeder,5,/demo,food_addition
2026-06-24T19:02:36+00:00,cat-joule,Joule,feeding,food_change,40.0,g,2026-06-24T19:02:36+00:00,4,feeder-joule,Joule's feeder,5,/demo,food_addition
2026-06-24T19:08:42+00:00,cat-joule,Joule,feeding,food_change,6.0,g,2026-06-24T19:08:42+00:00,143,feeder-joule,Joule's feeder,1,/demo,pet
2026-06-24T21:55:07+00:00,cat-joule,Joule,feeding,food_change,6.0,g,2026-06-24T21:55:07+00:00,106,feeder-joule,Joule's feeder,1,/demo,pet
2026-06-24T22:29:59+00:00,cat-pascal,Pascal,feeding,food_change,6.0,g,2026-06-24T22:29:59+00:00,135,feeder-pascal,Pascal's feeder,1,/demo,pet
2026-06-24T22:31:50+00:00,cat-joule,Joule,feeding,food_change,2.0,g,2026-06-24T22:31:50+00:00,70,feeder-joule,Joule's feeder,1,/demo,pet
2026-06-25T02:54:58+00:00,cat-joule,Joule,feeding,food_change,10.0,g,2026-06-25T02:54:58+00:00,190,feeder-joule,Joule's feeder,1,/demo,pet
2026-06-25T03:27:28+00:00,cat-joule,Joule,feeding,food_change,5.0,g,2026-06-25T03:27:28+00:00,121,feeder-joule,Joule's feeder,1,/demo,pet
2026-06-25T04:36:28+00:00,cat-pascal,Pascal,feeding,food_change,3.0,g,2026-06-25T04:36:28+00:00,134,feeder-pascal,Pascal's feeder,1,/demo,pet
2026-06-25T05:01:46+00:00,cat-joule,Joule,feeding,food_change,4.0,g,2026-06-25T05:01:46+00:00,80,feeder-joule,Joule's feeder,1,/demo,pet
2026-06-25T05:19:35+00:00,cat-pascal,Pascal,feeding,food_change,5.0,g,2026-06-25T05:19:35+00:00,143,feeder-pascal,Pascal's feeder,1,/demo,pet
2026-06-25T06:38:39+00:00,cat-joule,Joule,feeding,food_change,8.0,g,2026-06-25T06:38:39+00:00,213,feeder-joule,Joule's feeder,1,/demo,pet
2026-06-25T10:29:07+00:00,cat-pascal,Pascal,feeding,food_change,32.0,g,2026-06-25T10:29:07+00:00,152,feeder-pascal,Pascal's feeder,1,/demo,pet
2026-06-25T11:39:03+00:00,cat-pascal,Pascal,feeding,food_change,7.0,g,2026-06-25T11:39:03+00:00,130,feeder-pascal,Pascal's feeder,1,/demo,pet
2026-06-25T14:10:44+00:00,cat-pascal,Pascal,feeding,food_change,4.0,g,2026-06-25T14:10:44+00:00,129,feeder-pascal,Pascal's feeder,1,/demo,pet
2026-06-25T14:12:07+00:00,cat-joule,Joule,feeding,food_change,2.0,g,2026-06-25T14:12:07+00:00,68,feeder-joule,Joule's feeder,1,/demo,pet
2026-06-25T14:24:35+00:00,cat-joule,Joule,feeding,food_change,4.0,g,2026-06-25T14:24:35+00:00,101,feeder-joule,Joule's feeder,1,/demo,pet
2026-06-25T15:01:15+00:00,cat-pascal,Pascal,feeding,food_change,2.0,g,2026-06-25T15:01:15+00:00,28,feeder-pascal,Pascal's feeder,1,/demo,pet
2026-06-25T16:43:21+00:00,cat-pascal,Pascal,feeding,food_change,4.0,g,2026-06-25T16:43:21+00:00,123,feeder-pascal,Pascal's feeder,1,/demo,pet
2026-06-25T16:47:17+00:00,cat-joule,Joule,feeding,food_change,3.0,g,2026-06-25T16:47:17+00:00,89,feeder-joule,Joule's feeder,1,/demo,pet
2026-06-25T16:54:53+00:00,cat-pascal,Pascal,feeding,food_change,40.0,g,2026-06-25T16:54:53+00:00,17,feeder-pascal,Pascal's feeder,5,/demo,food_addition
2026-06-25T16:56:08+00:00,cat-pascal,Pascal,feeding,food_change,4.0,g,2026-06-25T16:56:08+00:00,18,feeder-pascal,Pascal's feeder,1,/demo,pet
2026-06-25T17:00:07+00:00,cat-pascal,Pascal,feeding,food_change,8.0,g,2026-06-25T17:00:07+00:00,121,feeder-pascal,Pascal's feeder,1,/demo,pet
2026-06-25T17:08:40+00:00,cat-pascal,Pascal,feeding,food_change,1.0,g,2026-06-25T17:08:40+00:00,16,feeder-pascal,Pascal's feeder,1,/demo,pet
2026-06-25T17:12:01+00:00,cat-joule,Joule,feeding,food_change,6.0,g,2026-06-25T17:12:01+00:00,110,feeder-joule,Joule's feeder,1,/demo,pet
2026-06-25T17:40:13+00:00,cat-joule,Joule,feeding,food_change,4.0,g,2026-06-25T17:40:13+00:00,81,feeder-joule,Joule's feeder,1,/demo,pet
2026-06-25T17:55:23+00:00,cat-joule,Joule,feeding,food_change,2.0,g,2026-06-25T17:55:23+00:00,71,feeder-joule,Joule's feeder,1,/demo,pet
2026-06-25T20:31:04+00:00,cat-joule,Joule,feeding,food_change,6.0,g,2026-06-25T20:31:04+00:00,120,feeder-joule,Joule's feeder,1,/demo,pet
2026-06-25T20:44:50+00:00,cat-pascal,Pascal,feeding,food_change,5.0,g,2026-06-25T20:44:50+00:00,143,feeder-pascal,Pascal's feeder,1,/demo,pet
2026-06-25T22:08:53+00:00,cat-joule,Joule,feeding,food_change,9.0,g,2026-06-25T22:08:53+00:00,167,feeder-joule,Joule's feeder,1,/demo,pet
2026-06-25T22:13:32+00:00,cat-pascal,Pascal,feeding,food_change,4.0,g,2026-06-25T22:13:32+00:00,109,feeder-pascal,Pascal's feeder,1,/demo,pet
2026-06-26T00:42:11+00:00,cat-joule,Joule,feeding,food_change,7.0,g,2026-06-26T00:42:11+00:00,163,feeder-joule,Joule's feeder,1,/demo,pet
2026-06-26T01:02:22+00:00,cat-joule,Joule,feeding,food_change,7.0,g,2026-06-26T01:02:22+00:00,194,feeder-joule,Joule's feeder,1,/demo,pet
2026-06-26T05:29:10+00:00,cat-joule,Joule,feeding,food_change,7.0,g,2026-06-26T05:29:10+00:00,122,feeder-joule,Joule's feeder,1,/demo,pet
2026-06-26T10:56:54+00:00,cat-pascal,Pascal,feeding,food_change,5.0,g,2026-06-26T10:56:54+00:00,137,feeder-pascal,Pascal's feeder,1,/demo,pet
2026-06-26T11:29:49+00:00,cat-pascal,Pascal,feeding,food_change,11.0,g,2026-06-26T11:29:49+00:00,153,feeder-pascal,Pascal's feeder,1,/demo,pet
2026-06-26T11:44:39+00:00,cat-joule,Joule,feeding,food_change,6.0,g,2026-06-26T11:44:39+00:00,148,feeder-joule,Joule's feeder,1,/demo,pet
2026-06-26T12:40:25+00:00,cat-pascal,Pascal,feeding,food_change,4.0,g,2026-06-26T12:40:25+00:00,168,feeder-pascal,Pascal's feeder,1,/demo,pet
2026-06-26T15:03:53+00:00,cat-joule,Joule,feeding,food_change,6.0,g,2026-06-26T15:03:53+00:00,164,feeder-joule,Joule's feeder,1,/demo,pet
2026-06-26T16:50:29+00:00,cat-pascal,Pascal,feeding,food_change,15.0,g,2026-06-26T16:50:29+00:00,23,feeder-pascal,Pascal's feeder,1,/demo,pet
2026-06-26T16:53:02+00:00,cat-pascal,Pascal,feeding,food_change,3.0,g,2026-06-26T16:53:02+00:00,97,feeder-pascal,Pascal's feeder,1,/demo,pet
2026-06-26T17:09:18+00:00,cat-pascal,Pascal,feeding,food_change,33.0,g,2026-06-26T17:09:18+00:00,4,feeder-pascal,Pascal's feeder,5,/demo,food_addition
2026-06-26T17:11:08+00:00,cat-pascal,Pascal,feeding,food_change,3.0,g,2026-06-26T17:11:08+00:00,62,feeder-pascal,Pascal's feeder,1,/demo,pet
2026-06-26T17:16:51+00:00,cat-joule,Joule,feeding,food_change,7.0,g,2026-06-26T17:16:51+00:00,208,feeder-joule,Joule's feeder,1,/demo,pet
2026-06-26T17:32:18+00:00,cat-pascal,Pascal,feeding,food_change,4.0,g,2026-06-26T17:32:18+00:00,114,feeder-pascal,Pascal's feeder,1,/demo,pet
2026-06-26T19:09:34+00:00,cat-pascal,Pascal,feeding,food_change,3.0,g,2026-06-26T19:09:34+00:00,85,feeder-pascal,Pascal's feeder,1,/demo,pet
2026-06-26T19:26:26+00:00,cat-pascal,Pascal,feeding,food_change,13.0,g,2026-06-26T19:26:26+00:00,148,feeder-pascal,Pascal's feeder,1,/demo,pet
2026-06-26T19:40:39+00:00,cat-joule,Joule,feeding,food_change,2.0,g,2026-06-26T19:40:39+00:00,109,feeder-joule,Joule's feeder,1,/demo,pet
2026-06-26T20:35:48+00:00,cat-joule,Joule,feeding,food_change,9.0,g,2026-06-26T20:35:48+00:00,215,feeder-joule,Joule's feeder,1,/demo,pet
2026-06-26T23:44:13+00:00,cat-joule,Joule,feeding,food_change,9.0,g,2026-06-26T23:44:13+00:00,264,feeder-joule,Joule's feeder,1,/demo,pet
2026-06-27T02:22:29+00:00,cat-joule,Joule,feeding,food_change,60.0,g,2026-06-27T02:22:29+00:00,4,feeder-joule,Joule's feeder,5,/demo,food_addition
2026-06-27T02:23:03+00:00,cat-joule,Joule,feeding,food_change,61.0,g,2026-06-27T02:23:03+00:00,3,feeder-joule,Joule's feeder,5,/demo,food_addition
2026-06-27T02:23:03+00:00,cat-pascal,Pascal,feeding,food_change,61.0,g,2026-06-27T02:23:03+00:00,3,feeder-pascal,Pascal's feeder,5,/demo,food_addition
2026-06-27T03:43:17+00:00,cat-pascal,Pascal,feeding,food_change,4.0,g,2026-06-27T03:43:17+00:00,105,feeder-pascal,Pascal's feeder,1,/demo,pet
2026-06-27T04:49:43+00:00,cat-pascal,Pascal,feeding,food_change,7.0,g,2026-06-27T04:49:43+00:00,177,feeder-pascal,Pascal's feeder,1,/demo,pet
2026-06-27T05:59:50+00:00,cat-joule,Joule,access,passage,,,2026-06-27T05:59:50+00:00,1839172,pet-flap,Pet flap,,/demo,unknown
2026-06-27T06:00:01+00:00,cat-pascal,Pascal,access,passage,,,2026-06-27T06:00:01+00:00,4174613,pet-flap,Pet flap,,/demo,unknown
2026-06-27T06:15:49+00:00,cat-joule,Joule,feeding,food_change,4.0,g,2026-06-27T06:15:49+00:00,101,feeder-joule,Joule's feeder,1,/demo,pet
2026-06-27T11:01:14+00:00,cat-pascal,Pascal,feeding,food_change,3.0,g,2026-06-27T11:01:14+00:00,82,feeder-pascal,Pascal's feeder,1,/demo,pet
2026-06-27T11:06:30+00:00,cat-joule,Joule,feeding,food_change,7.0,g,2026-06-27T11:06:30+00:00,104,feeder-joule,Joule's feeder,1,/demo,pet
2026-06-27T11:36:24+00:00,cat-joule,Joule,feeding,food_change,6.0,g,2026-06-27T11:36:24+00:00,115,feeder-joule,Joule's feeder,1,/demo,pet
2026-06-27T11:41:01+00:00,cat-pascal,Pascal,feeding,food_change,5.0,g,2026-06-27T11:41:01+00:00,166,feeder-pascal,Pascal's feeder,1,/demo,pet
2026-06-27T13:08:13+00:00,cat-pascal,Pascal,feeding,food_change,50.0,g,2026-06-27T13:08:13+00:00,225,feeder-pascal,Pascal's feeder,1,/demo,pet
2026-06-27T14:16:38+00:00,cat-joule,Joule,feeding,food_change,3.0,g,2026-06-27T14:16:38+00:00,84,feeder-joule,Joule's feeder,1,/demo,pet
2026-06-27T16:12:36+00:00,cat-pascal,Pascal,feeding,food_change,2.0,g,2026-06-27T16:12:36+00:00,5,feeder-pascal,Pascal's feeder,5,/demo,food_addition
2026-06-27T16:15:07+00:00,cat-pascal,Pascal,feeding,food_change,2.0,g,2026-06-27T16:15:07+00:00,133,feeder-pascal,Pascal's feeder,1,/demo,pet
2026-06-27T16:15:14+00:00,cat-pascal,Pascal,feeding,food_change,51.0,g,2026-06-27T16:15:14+00:00,4,feeder-pascal,Pascal's feeder,5,/demo,food_addition
2026-06-27T16:33:01+00:00,cat-joule,Joule,feeding,food_change,6.0,g,2026-06-27T16:33:01+00:00,148,feeder-joule,Joule's feeder,1,/demo,pet
2026-06-27T18:17:48+00:00,cat-pascal,Pascal,feeding,food_change,17.0,g,2026-06-27T18:17:48+00:00,213,feeder-pascal,Pascal's feeder,1,/demo,pet
2026-06-27T23:14:43+00:00,cat-joule,Joule,feeding,food_change,3.0,g,2026-06-27T23:14:43+00:00,73,feeder-joule,Joule's feeder,1,/demo,pet
2026-06-27T23:36:32+00:00,cat-pascal,Pascal,feeding,food_change,5.0,g,2026-06-27T23:36:32+00:00,96,feeder-pascal,Pascal's feeder,1,/demo,pet
2026-06-28T00:36:05+00:00,cat-joule,Joule,feeding,food_change,1.0,g,2026-06-28T00:36:05+00:00,72,feeder-joule,Joule's feeder,1,/demo,pet
2026-06-28T01:06:42+00:00,cat-pascal,Pascal,feeding,food_change,7.0,g,2026-06-28T01:06:42+00:00,138,feeder-pascal,Pascal's feeder,1,/demo,pet
2026-06-28T02:54:43+00:00,cat-joule,Joule,feeding,food_change,5.0,g,2026-06-28T02:54:43+00:00,92,feeder-joule,Joule's feeder,1,/demo,pet
2026-06-28T03:36:31+00:00,cat-joule,Joule,feeding,food_change,4.0,g,2026-06-28T03:36:31+00:00,74,feeder-joule,Joule's feeder,1,/demo,pet
2026-06-28T04:22:23+00:00,cat-pascal,Pascal,feeding,food_change,5.0,g,2026-06-28T04:22:23+00:00,162,feeder-pascal,Pascal's feeder,1,/demo,pet
2026-06-28T05:08:48+00:00,cat-joule,Joule,feeding,food_change,5.0,g,2026-06-28T05:08:48+00:00,127,feeder-joule,Joule's feeder,1,/demo,pet
2026-06-28T05:30:09+00:00,cat-joule,Joule,feeding,food_change,3.0,g,2026-06-28T05:30:09+00:00,83,feeder-joule,Joule's feeder,1,/demo,pet
2026-06-28T05:39:21+00:00,cat-pascal,Pascal,feeding,food_change,5.0,g,2026-06-28T05:39:21+00:00,128,feeder-pascal,Pascal's feeder,1,/demo,pet
2026-06-28T06:08:45+00:00,cat-pascal,Pascal,feeding,food_change,6.0,g,2026-06-28T06:08:45+00:00,4,feeder-pascal,Pascal's feeder,5,/demo,food_addition
2026-06-28T06:11:00+00:00,cat-pascal,Pascal,feeding,food_change,6.0,g,2026-06-28T06:11:00+00:00,111,feeder-pascal,Pascal's feeder,1,/demo,pet
2026-06-28T06:52:38+00:00,cat-joule,Joule,feeding,food_change,2.0,g,2026-06-28T06:52:38+00:00,72,feeder-joule,Joule's feeder,1,/demo,pet
2026-06-28T11:49:04+00:00,cat-pascal,Pascal,feeding,food_change,3.0,g,2026-06-28T11:49:04+00:00,47,feeder-pascal,Pascal's feeder,1,/demo,pet
2026-06-28T12:04:26+00:00,cat-pascal,Pascal,feeding,food_change,7.0,g,2026-06-28T12:04:26+00:00,118,feeder-pascal,Pascal's feeder,1,/demo,pet
2026-06-28T13:24:57+00:00,cat-pascal,Pascal,feeding,food_change,2.0,g,2026-06-28T13:24:57+00:00,59,feeder-pascal,Pascal's feeder,1,/demo,pet
2026-06-28T17:18:42+00:00,cat-pascal,Pascal,feeding,food_change,3.0,g,2026-06-28T17:18:42+00:00,74,feeder-pascal,Pascal's feeder,1,/demo,pet
2026-06-28T17:32:02+00:00,cat-pascal,Pascal,feeding,food_change,2.0,g,2026-06-28T17:32:02+00:00,79,feeder-pascal,Pascal's feeder,1,/demo,pet
2026-06-28T17:44:13+00:00,cat-pascal,Pascal,feeding,food_change,2.0,g,2026-06-28T17:44:13+00:00,32,feeder-pascal,Pascal's feeder,1,/demo,pet
2026-06-28T17:52:31+00:00,cat-joule,Joule,feeding,food_change,6.0,g,2026-06-28T17:52:31+00:00,154,feeder-joule,Joule's feeder,1,/demo,pet
2026-06-28T21:31:25+00:00,cat-joule,Joule,feeding,food_change,6.0,g,2026-06-28T21:31:25+00:00,147,feeder-joule,Joule's feeder,1,/demo,pet
2026-06-28T22:41:44+00:00,cat-joule,Joule,feeding,food_change,10.0,g,2026-06-28T22:41:44+00:00,240,feeder-joule,Joule's feeder,1,/demo,pet
2026-06-28T22:47:11+00:00,cat-pascal,Pascal,feeding,food_change,4.0,g,2026-06-28T22:47:11+00:00,91,feeder-pascal,Pascal's feeder,1,/demo,pet
2026-06-29T03:26:00+00:00,cat-joule,Joule,feeding,food_change,4.0,g,2026-06-29T03:26:00+00:00,70,feeder-joule,Joule's feeder,1,/demo,pet
2026-06-29T03:27:39+00:00,cat-pascal,Pascal,feeding,food_change,2.0,g,2026-06-29T03:27:39+00:00,59,feeder-pascal,Pascal's feeder,1,/demo,pet
2026-06-29T03:34:13+00:00,cat-pascal,Pascal,feeding,food_change,3.0,g,2026-06-29T03:34:13+00:00,100,feeder-pascal,Pascal's feeder,1,/demo,pet
2026-06-29T04:44:47+00:00,cat-pascal,Pascal,feeding,food_change,5.0,g,2026-06-29T04:44:47+00:00,119,feeder-pascal,Pascal's feeder,1,/demo,pet
2026-06-29T04:55:35+00:00,cat-joule,Joule,feeding,food_change,4.0,g,2026-06-29T04:55:35+00:00,88,feeder-joule,Joule's feeder,1,/demo,pet
2026-06-29T05:14:10+00:00,cat-joule,Joule,feeding,food_change,5.0,g,2026-06-29T05:14:10+00:00,104,feeder-joule,Joule's feeder,1,/demo,pet
2026-06-29T10:44:58+00:00,cat-pascal,Pascal,feeding,food_change,4.0,g,2026-06-29T10:44:58+00:00,120,feeder-pascal,Pascal's feeder,1,/demo,pet
2026-06-29T11:17:31+00:00,cat-pascal,Pascal,feeding,food_change,43.0,g,2026-06-29T11:17:31+00:00,12,feeder-pascal,Pascal's feeder,1,/demo,pet
2026-06-29T11:19:07+00:00,cat-pascal,Pascal,feeding,food_change,2.0,g,2026-06-29T11:19:07+00:00,71,feeder-pascal,Pascal's feeder,1,/demo,pet
2026-06-29T12:00:34+00:00,cat-pascal,Pascal,feeding,food_change,6.0,g,2026-06-29T12:00:34+00:00,85,feeder-pascal,Pascal's feeder,1,/demo,pet
2026-06-29T13:47:44+00:00,cat-pascal,Pascal,feeding,food_change,4.0,g,2026-06-29T13:47:44+00:00,189,feeder-pascal,Pascal's feeder,1,/demo,pet
2026-06-29T13:48:17+00:00,cat-joule,Joule,feeding,food_change,3.0,g,2026-06-29T13:48:17+00:00,83,feeder-joule,Joule's feeder,1,/demo,pet
2026-06-29T15:32:55+00:00,cat-pascal,Pascal,feeding,food_change,1.0,g,2026-06-29T15:32:55+00:00,55,feeder-pascal,Pascal's feeder,1,/demo,pet
2026-06-29T15:35:31+00:00,cat-pascal,Pascal,feeding,food_change,5.0,g,2026-06-29T15:35:31+00:00,127,feeder-pascal,Pascal's feeder,1,/demo,pet
2026-06-29T16:32:32+00:00,cat-pascal,Pascal,feeding,food_change,2.0,g,2026-06-29T16:32:32+00:00,148,feeder-pascal,Pascal's feeder,1,/demo,pet
2026-06-29T16:51:27+00:00,cat-pascal,Pascal,feeding,food_change,53.0,g,2026-06-29T16:51:27+00:00,3,feeder-pascal,Pascal's feeder,5,/demo,food_addition
2026-06-29T17:10:11+00:00,cat-pascal,Pascal,feeding,food_change,5.0,g,2026-06-29T17:10:11+00:00,84,feeder-pascal,Pascal's feeder,1,/demo,pet
2026-06-29T17:22:21+00:00,cat-pascal,Pascal,feeding,food_change,8.0,g,2026-06-29T17:22:21+00:00,144,feeder-pascal,Pascal's feeder,1,/demo,pet
2026-06-29T22:20:17+00:00,cat-joule,Joule,feeding,food_change,9.0,g,2026-06-29T22:20:17+00:00,132,feeder-joule,Joule's feeder,1,/demo,pet
2026-06-29T22:37:55+00:00,cat-pascal,Pascal,feeding,food_change,4.0,g,2026-06-29T22:37:55+00:00,95,feeder-pascal,Pascal's feeder,1,/demo,pet
2026-06-30T00:49:20+00:00,cat-joule,Joule,feeding,food_change,8.0,g,2026-06-30T00:49:20+00:00,159,feeder-joule,Joule's feeder,1,/demo,pet
2026-06-30T02:13:48+00:00,cat-joule,Joule,feeding,food_change,9.0,g,2026-06-30T02:13:48+00:00,201,feeder-joule,Joule's feeder,1,/demo,pet
2026-06-30T05:09:49+00:00,cat-joule,Joule,feeding,food_change,4.0,g,2026-06-30T05:09:49+00:00,96,feeder-joule,Joule's feeder,1,/demo,pet
2026-06-30T05:19:21+00:00,cat-pascal,Pascal,feeding,food_change,4.0,g,2026-06-30T05:19:21+00:00,90,feeder-pascal,Pascal's feeder,1,/demo,pet
2026-06-30T11:34:26+00:00,cat-joule,Joule,feeding,food_change,9.0,g,2026-06-30T11:34:26+00:00,176,feeder-joule,Joule's feeder,1,/demo,pet
2026-06-30T11:38:48+00:00,cat-pascal,Pascal,feeding,food_change,2.0,g,2026-06-30T11:38:48+00:00,89,feeder-pascal,Pascal's feeder,1,/demo,pet
2026-06-30T11:58:05+00:00,cat-pascal,Pascal,feeding,food_change,3.0,g,2026-06-30T11:58:05+00:00,118,feeder-pascal,Pascal's feeder,1,/demo,pet
2026-06-30T14:11:35+00:00,cat-pascal,Pascal,feeding,food_change,6.0,g,2026-06-30T14:11:35+00:00,184,feeder-pascal,Pascal's feeder,1,/demo,pet
2026-06-30T16:28:28+00:00,cat-joule,Joule,feeding,food_change,2.0,g,2026-06-30T16:28:28+00:00,3,feeder-joule,Joule's feeder,5,/demo,food_addition
2026-06-30T16:30:19+00:00,cat-pascal,Pascal,feeding,food_change,4.0,g,2026-06-30T16:30:19+00:00,125,feeder-pascal,Pascal's feeder,1,/demo,pet
2026-06-30T16:56:26+00:00,cat-joule,Joule,feeding,food_change,4.0,g,2026-06-30T16:56:26+00:00,117,feeder-joule,Joule's feeder,1,/demo,pet
2026-06-30T18:29:09+00:00,cat-pascal,Pascal,feeding,food_change,3.0,g,2026-06-30T18:29:09+00:00,0,feeder-pascal,Pascal's feeder,6,/demo,system_event
2026-06-30T18:29:26+00:00,cat-pascal,Pascal,feeding,food_change,86.0,g,2026-06-30T18:29:26+00:00,154,feeder-pascal,Pascal's feeder,5,/demo,food_addition
2026-06-30T18:29:54+00:00,cat-joule,Joule,feeding,food_change,2.0,g,2026-06-30T18:29:54+00:00,0,feeder-joule,Joule's feeder,6,/demo,system_event
2026-06-30T18:29:59+00:00,cat-joule,Joule,feeding,food_change,70.0,g,2026-06-30T18:29:59+00:00,16,feeder-joule,Joule's feeder,5,/demo,food_addition
2026-06-30T18:30:40+00:00,cat-joule,Joule,feeding,food_change,36.0,g,2026-06-30T18:30:40+00:00,10,feeder-joule,Joule's feeder,5,/demo,food_addition
2026-06-30T18:30:40+00:00,cat-pascal,Pascal,feeding,food_change,36.0,g,2026-06-30T18:30:40+00:00,10,feeder-pascal,Pascal's feeder,5,/demo,food_addition
2026-06-30T18:31:22+00:00,cat-pascal,Pascal,feeding,food_change,3.0,g,2026-06-30T18:31:22+00:00,67,feeder-pascal,Pascal's feeder,1,/demo,pet
2026-06-30T19:12:48+00:00,cat-pascal,Pascal,feeding,food_change,7.0,g,2026-06-30T19:12:48+00:00,146,feeder-pascal,Pascal's feeder,1,/demo,pet
2026-06-30T19:19:12+00:00,cat-joule,Joule,feeding,food_change,15.0,g,2026-06-30T19:19:12+00:00,177,feeder-joule,Joule's feeder,1,/demo,pet
2026-06-30T19:36:49+00:00,cat-joule,Joule,feeding,food_change,6.0,g,2026-06-30T19:36:49+00:00,129,feeder-joule,Joule's feeder,1,/demo,pet
2026-06-30T21:10:56+00:00,cat-joule,Joule,feeding,food_change,3.0,g,2026-06-30T21:10:56+00:00,66,feeder-joule,Joule's feeder,1,/demo,pet
2026-07-01T01:08:03+00:00,cat-joule,Joule,feeding,food_change,8.0,g,2026-07-01T01:08:03+00:00,137,feeder-joule,Joule's feeder,1,/demo,pet
2026-07-01T01:35:23+00:00,cat-pascal,Pascal,feeding,food_change,4.0,g,2026-07-01T01:35:23+00:00,92,feeder-pascal,Pascal's feeder,1,/demo,pet
2026-07-01T01:41:03+00:00,cat-joule,Joule,feeding,food_change,1.0,g,2026-07-01T01:41:03+00:00,53,feeder-joule,Joule's feeder,1,/demo,pet
2026-07-01T04:35:08+00:00,cat-joule,Joule,feeding,food_change,8.0,g,2026-07-01T04:35:08+00:00,120,feeder-joule,Joule's feeder,1,/demo,pet
2026-07-01T10:42:24+00:00,cat-joule,Joule,feeding,food_change,9.0,g,2026-07-01T10:42:24+00:00,94,feeder-joule,Joule's feeder,1,/demo,pet
2026-07-01T10:52:11+00:00,cat-joule,Joule,feeding,food_change,4.0,g,2026-07-01T10:52:11+00:00,96,feeder-joule,Joule's feeder,1,/demo,pet
2026-07-01T11:29:42+00:00,cat-pascal,Pascal,feeding,food_change,3.0,g,2026-07-01T11:29:42+00:00,107,feeder-pascal,Pascal's feeder,1,/demo,pet
2026-07-01T12:45:37+00:00,cat-pascal,Pascal,feeding,food_change,6.0,g,2026-07-01T12:45:37+00:00,120,feeder-pascal,Pascal's feeder,1,/demo,pet
2026-07-01T14:57:02+00:00,cat-joule,Joule,feeding,food_change,2.0,g,2026-07-01T14:57:02+00:00,66,feeder-joule,Joule's feeder,1,/demo,pet
2026-07-01T15:13:38+00:00,cat-joule,Joule,feeding,food_change,2.0,g,2026-07-01T15:13:38+00:00,79,feeder-joule,Joule's feeder,1,/demo,pet
2026-07-01T15:17:11+00:00,cat-joule,Joule,feeding,food_change,5.0,g,2026-07-01T15:17:11+00:00,100,feeder-joule,Joule's feeder,1,/demo,pet
2026-07-01T16:43:30+00:00,cat-pascal,Pascal,feeding,food_change,2.0,g,2026-07-01T16:43:30+00:00,72,feeder-pascal,Pascal's feeder,1,/demo,pet
2026-07-01T17:01:11+00:00,cat-pascal,Pascal,feeding,food_change,5.0,g,2026-07-01T17:01:11+00:00,131,feeder-pascal,Pascal's feeder,1,/demo,pet
2026-07-01T17:11:17+00:00,cat-pascal,Pascal,feeding,food_change,3.0,g,2026-07-01T17:11:17+00:00,73,feeder-pascal,Pascal's feeder,1,/demo,pet
2026-07-01T17:12:40+00:00,cat-joule,Joule,feeding,food_change,4.0,g,2026-07-01T17:12:40+00:00,105,feeder-joule,Joule's feeder,1,/demo,pet
2026-07-01T17:16:12+00:00,cat-pascal,Pascal,feeding,food_change,4.0,g,2026-07-01T17:16:12+00:00,81,feeder-pascal,Pascal's feeder,1,/demo,pet
2026-07-01T17:19:42+00:00,cat-pascal,Pascal,feeding,food_change,2.0,g,2026-07-01T17:19:42+00:00,36,feeder-pascal,Pascal's feeder,1,/demo,pet
2026-07-01T17:21:29+00:00,cat-pascal,Pascal,feeding,food_change,2.0,g,2026-07-01T17:21:29+00:00,36,feeder-pascal,Pascal's feeder,1,/demo,pet
2026-07-01T18:44:35+00:00,cat-pascal,Pascal,feeding,food_change,5.0,g,2026-07-01T18:44:35+00:00,101,feeder-pascal,Pascal's feeder,1,/demo,pet
2026-07-01T19:26:31+00:00,cat-joule,Joule,feeding,food_change,7.0,g,2026-07-01T19:26:31+00:00,164,feeder-joule,Joule's feeder,1,/demo,pet
2026-07-01T19:40:40+00:00,cat-joule,Joule,feeding,food_change,2.0,g,2026-07-01T19:40:40+00:00,75,feeder-joule,Joule's feeder,1,/demo,pet
2026-07-01T22:32:06+00:00,cat-joule,Joule,feeding,food_change,73.0,g,2026-07-01T22:32:06+00:00,3,feeder-joule,Joule's feeder,5,/demo,food_addition
2026-07-01T22:34:05+00:00,cat-joule,Joule,feeding,food_change,4.0,g,2026-07-01T22:34:05+00:00,88,feeder-joule,Joule's feeder,1,/demo,pet
2026-07-02T02:16:02+00:00,cat-joule,Joule,feeding,food_change,7.0,g,2026-07-02T02:16:02+00:00,153,feeder-joule,Joule's feeder,1,/demo,pet
2026-07-02T03:36:05+00:00,cat-pascal,Pascal,feeding,food_change,4.0,g,2026-07-02T03:36:05+00:00,112,feeder-pascal,Pascal's feeder,1,/demo,pet
2026-07-02T04:33:30+00:00,cat-joule,Joule,feeding,food_change,5.0,g,2026-07-02T04:33:30+00:00,122,feeder-joule,Joule's feeder,1,/demo,pet
2026-07-02T04:41:01+00:00,cat-joule,Joule,feeding,food_change,2.0,g,2026-07-02T04:41:01+00:00,57,feeder-joule,Joule's feeder,1,/demo,pet
2026-07-02T04:54:08+00:00,cat-joule,Joule,feeding,food_change,2.0,g,2026-07-02T04:54:08+00:00,66,feeder-joule,Joule's feeder,1,/demo,pet
2026-07-02T11:06:25+00:00,cat-joule,Joule,feeding,food_change,6.0,g,2026-07-02T11:06:25+00:00,119,feeder-joule,Joule's feeder,1,/demo,pet
2026-07-02T11:17:51+00:00,cat-joule,Joule,feeding,food_change,7.0,g,2026-07-02T11:17:51+00:00,202,feeder-joule,Joule's feeder,1,/demo,pet
2026-07-02T11:24:15+00:00,cat-pascal,Pascal,feeding,food_change,4.0,g,2026-07-02T11:24:15+00:00,121,feeder-pascal,Pascal's feeder,1,/demo,pet
2026-07-02T12:56:35+00:00,cat-pascal,Pascal,feeding,food_change,48.0,g,2026-07-02T12:56:35+00:00,183,feeder-pascal,Pascal's feeder,1,/demo,pet
2026-07-02T12:57:54+00:00,cat-pascal,Pascal,feeding,food_change,1.0,g,2026-07-02T12:57:54+00:00,32,feeder-pascal,Pascal's feeder,1,/demo,pet
2026-07-02T15:06:01+00:00,cat-pascal,Pascal,feeding,food_change,50.0,g,2026-07-02T15:06:01+00:00,122,feeder-pascal,Pascal's feeder,1,/demo,pet
2026-07-02T17:07:23+00:00,cat-pascal,Pascal,feeding,food_change,3.0,g,2026-07-02T17:07:23+00:00,107,feeder-pascal,Pascal's feeder,1,/demo,pet
2026-07-02T17:15:50+00:00,cat-pascal,Pascal,feeding,food_change,48.0,g,2026-07-02T17:15:50+00:00,9,feeder-pascal,Pascal's feeder,5,/demo,food_addition
2026-07-02T17:16:27+00:00,cat-joule,Joule,feeding,food_change,69.0,g,2026-07-02T17:16:27+00:00,2,feeder-joule,Joule's feeder,5,/demo,food_addition
2026-07-02T17:16:27+00:00,cat-pascal,Pascal,feeding,food_change,69.0,g,2026-07-02T17:16:27+00:00,2,feeder-pascal,Pascal's feeder,5,/demo,food_addition
2026-07-02T17:17:25+00:00,cat-pascal,Pascal,feeding,food_change,2.0,g,2026-07-02T17:17:25+00:00,64,feeder-pascal,Pascal's feeder,1,/demo,pet
2026-07-02T17:36:27+00:00,cat-pascal,Pascal,feeding,food_change,48.0,g,2026-07-02T17:36:27+00:00,72,feeder-pascal,Pascal's feeder,1,/demo,pet
2026-07-02T17:51:10+00:00,cat-pascal,Pascal,feeding,food_change,3.0,g,2026-07-02T17:51:10+00:00,94,feeder-pascal,Pascal's feeder,1,/demo,pet
2026-07-02T18:06:26+00:00,cat-pascal,Pascal,feeding,food_change,5.0,g,2026-07-02T18:06:26+00:00,103,feeder-pascal,Pascal's feeder,1,/demo,pet
2026-07-02T20:23:59+00:00,cat-joule,Joule,feeding,food_change,9.0,g,2026-07-02T20:23:59+00:00,169,feeder-joule,Joule's feeder,1,/demo,pet
2026-07-02T21:04:09+00:00,cat-joule,Joule,feeding,food_change,4.0,g,2026-07-02T21:04:09+00:00,86,feeder-joule,Joule's feeder,1,/demo,pet
2026-07-02T21:15:56+00:00,cat-joule,Joule,feeding,food_change,2.0,g,2026-07-02T21:15:56+00:00,74,feeder-joule,Joule's feeder,1,/demo,pet
2026-07-03T00:05:19+00:00,cat-joule,Joule,feeding,food_change,11.0,g,2026-07-03T00:05:19+00:00,217,feeder-joule,Joule's feeder,1,/demo,pet
2026-07-03T02:33:15+00:00,cat-pascal,Pascal,feeding,food_change,3.0,g,2026-07-03T02:33:15+00:00,74,feeder-pascal,Pascal's feeder,1,/demo,pet
2026-07-03T03:39:50+00:00,cat-pascal,Pascal,feeding,food_change,4.0,g,2026-07-03T03:39:50+00:00,95,feeder-pascal,Pascal's feeder,1,/demo,pet
2026-07-03T03:47:35+00:00,cat-pascal,Pascal,feeding,food_change,48.0,g,2026-07-03T03:47:35+00:00,70,feeder-pascal,Pascal's feeder,1,/demo,pet
2026-07-03T03:55:39+00:00,cat-joule,Joule,feeding,food_change,4.0,g,2026-07-03T03:55:39+00:00,92,feeder-joule,Joule's feeder,1,/demo,pet
2026-07-03T07:38:36+00:00,cat-joule,Joule,feeding,food_change,3.0,g,2026-07-03T07:38:36+00:00,69,feeder-joule,Joule's feeder,1,/demo,pet
2026-07-03T08:00:32+00:00,cat-joule,Joule,feeding,food_change,3.0,g,2026-07-03T08:00:32+00:00,63,feeder-joule,Joule's feeder,1,/demo,pet
2026-07-03T11:04:29+00:00,cat-pascal,Pascal,feeding,food_change,4.0,g,2026-07-03T11:04:29+00:00,110,feeder-pascal,Pascal's feeder,1,/demo,pet
2026-07-03T11:24:39+00:00,cat-joule,Joule,feeding,food_change,9.0,g,2026-07-03T11:24:39+00:00,92,feeder-joule,Joule's feeder,1,/demo,pet
2026-07-03T11:29:10+00:00,cat-pascal,Pascal,feeding,food_change,45.0,g,2026-07-03T11:29:10+00:00,12,feeder-pascal,Pascal's feeder,1,/demo,pet
2026-07-03T11:42:22+00:00,cat-pascal,Pascal,feeding,food_change,5.0,g,2026-07-03T11:42:22+00:00,151,feeder-pascal,Pascal's feeder,1,/demo,pet
2026-07-03T11:49:19+00:00,cat-pascal,Pascal,feeding,food_change,1.0,g,2026-07-03T11:49:19+00:00,30,feeder-pascal,Pascal's feeder,1,/demo,pet
2026-07-03T11:55:14+00:00,cat-pascal,Pascal,feeding,food_change,2.0,g,2026-07-03T11:55:14+00:00,73,feeder-pascal,Pascal's feeder,1,/demo,pet
2026-07-03T13:25:12+00:00,cat-joule,Joule,feeding,food_change,5.0,g,2026-07-03T13:25:12+00:00,129,feeder-joule,Joule's feeder,1,/demo,pet
2026-07-03T15:52:32+00:00,cat-joule,Joule,feeding,food_change,5.0,g,2026-07-03T15:52:32+00:00,90,feeder-joule,Joule's feeder,1,/demo,pet
2026-07-03T16:06:06+00:00,cat-joule,Joule,feeding,food_change,4.0,g,2026-07-03T16:06:06+00:00,110,feeder-joule,Joule's feeder,1,/demo,pet
2026-07-03T16:36:06+00:00,cat-joule,Joule,feeding,food_change,4.0,g,2026-07-03T16:36:06+00:00,85,feeder-joule,Joule's feeder,1,/demo,pet
2026-07-03T16:37:59+00:00,cat-pascal,Pascal,feeding,food_change,3.0,g,2026-07-03T16:37:59+00:00,6,feeder-pascal,Pascal's feeder,5,/demo,food_addition
2026-07-03T16:39:25+00:00,cat-pascal,Pascal,feeding,food_change,3.0,g,2026-07-03T16:39:25+00:00,76,feeder-pascal,Pascal's feeder,1,/demo,pet
2026-07-03T20:10:39+00:00,cat-joule,Joule,feeding,food_change,49.0,g,2026-07-03T20:10:39+00:00,3,feeder-joule,Joule's feeder,5,/demo,food_addition
2026-07-03T20:36:11+00:00,cat-joule,Joule,feeding,food_change,5.0,g,2026-07-03T20:36:11+00:00,90,feeder-joule,Joule's feeder,1,/demo,pet
2026-07-03T20:58:05+00:00,cat-joule,Joule,feeding,food_change,4.0,g,2026-07-03T20:58:05+00:00,65,feeder-joule,Joule's feeder,1,/demo,pet
2026-07-03T22:15:18+00:00,cat-joule,Joule,feeding,food_change,1.0,g,2026-07-03T22:15:18+00:00,58,feeder-joule,Joule's feeder,1,/demo,pet
2026-07-03T22:29:09+00:00,cat-joule,Joule,feeding,food_change,6.0,g,2026-07-03T22:29:09+00:00,118,feeder-joule,Joule's feeder,1,/demo,pet
2026-07-04T03:42:13+00:00,cat-joule,Joule,feeding,food_change,7.0,g,2026-07-04T03:42:13+00:00,127,feeder-joule,Joule's feeder,1,/demo,pet
2026-07-04T04:56:11+00:00,cat-joule,Joule,feeding,food_change,7.0,g,2026-07-04T04:56:11+00:00,114,feeder-joule,Joule's feeder,1,/demo,pet
2026-07-04T05:06:14+00:00,cat-joule,Joule,feeding,food_change,3.0,g,2026-07-04T05:06:14+00:00,72,feeder-joule,Joule's feeder,1,/demo,pet
2026-07-04T08:44:35+00:00,cat-pascal,Pascal,feeding,food_change,6.0,g,2026-07-04T08:44:35+00:00,85,feeder-pascal,Pascal's feeder,1,/demo,pet
2026-07-04T09:05:39+00:00,cat-joule,Joule,feeding,food_change,3.0,g,2026-07-04T09:05:39+00:00,89,feeder-joule,Joule's feeder,1,/demo,pet
2026-07-04T11:28:32+00:00,cat-pascal,Pascal,feeding,food_change,7.0,g,2026-07-04T11:28:32+00:00,167,feeder-pascal,Pascal's feeder,1,/demo,pet
2026-07-04T11:33:41+00:00,cat-joule,Joule,feeding,food_change,2.0,g,2026-07-04T11:33:41+00:00,60,feeder-joule,Joule's feeder,1,/demo,pet
2026-07-04T11:40:27+00:00,cat-pascal,Pascal,feeding,food_change,4.0,g,2026-07-04T11:40:27+00:00,75,feeder-pascal,Pascal's feeder,1,/demo,pet
2026-07-04T11:52:36+00:00,cat-pascal,Pascal,feeding,food_change,2.0,g,2026-07-04T11:52:36+00:00,41,feeder-pascal,Pascal's feeder,1,/demo,pet
2026-07-04T12:07:34+00:00,cat-pascal,Pascal,feeding,food_change,3.0,g,2026-07-04T12:07:34+00:00,44,feeder-pascal,Pascal's feeder,1,/demo,pet
2026-07-04T15:19:23+00:00,cat-pascal,Pascal,feeding,food_change,3.0,g,2026-07-04T15:19:23+00:00,108,feeder-pascal,Pascal's feeder,1,/demo,pet
2026-07-04T16:01:11+00:00,cat-pascal,Pascal,feeding,food_change,5.0,g,2026-07-04T16:01:11+00:00,184,feeder-pascal,Pascal's feeder,1,/demo,pet
2026-07-04T16:12:19+00:00,cat-pascal,Pascal,feeding,food_change,1.0,g,2026-07-04T16:12:19+00:00,61,feeder-pascal,Pascal's feeder,1,/demo,pet
2026-07-04T16:50:06+00:00,cat-joule,Joule,feeding,food_change,7.0,g,2026-07-04T16:50:06+00:00,172,feeder-joule,Joule's feeder,1,/demo,pet
2026-07-04T16:54:00+00:00,cat-pascal,Pascal,feeding,food_change,2.0,g,2026-07-04T16:54:00+00:00,156,feeder-pascal,Pascal's feeder,1,/demo,pet
2026-07-04T18:36:50+00:00,cat-pascal,Pascal,feeding,food_change,6.0,g,2026-07-04T18:36:50+00:00,201,feeder-pascal,Pascal's feeder,1,/demo,pet
2026-07-04T18:41:39+00:00,cat-pascal,Pascal,feeding,food_change,5.0,g,2026-07-04T18:41:39+00:00,78,feeder-pascal,Pascal's feeder,1,/demo,pet
2026-07-04T18:53:18+00:00,cat-pascal,Pascal,feeding,food_change,4.0,g,2026-07-04T18:53:18+00:00,116,feeder-pascal,Pascal's feeder,1,/demo,pet
2026-07-04T22:17:43+00:00,cat-pascal,Pascal,feeding,food_change,47.0,g,2026-07-04T22:17:43+00:00,147,feeder-pascal,Pascal's feeder,1,/demo,pet
2026-07-04T22:24:42+00:00,cat-joule,Joule,feeding,food_change,6.0,g,2026-07-04T22:24:42+00:00,133,feeder-joule,Joule's feeder,1,/demo,pet
2026-07-04T23:06:12+00:00,cat-joule,Joule,feeding,food_change,3.0,g,2026-07-04T23:06:12+00:00,88,feeder-joule,Joule's feeder,1,/demo,pet
2026-07-05T01:27:25+00:00,cat-joule,Joule,feeding,food_change,8.0,g,2026-07-05T01:27:25+00:00,177,feeder-joule,Joule's feeder,1,/demo,pet
2026-07-05T05:24:28+00:00,cat-joule,Joule,feeding,food_change,8.0,g,2026-07-05T05:24:28+00:00,164,feeder-joule,Joule's feeder,1,/demo,pet
2026-07-05T07:31:02+00:00,cat-joule,Joule,feeding,food_change,3.0,g,2026-07-05T07:31:02+00:00,83,feeder-joule,Joule's feeder,1,/demo,pet
2026-07-05T08:12:50+00:00,cat-joule,Joule,feeding,food_change,5.0,g,2026-07-05T08:12:50+00:00,92,feeder-joule,Joule's feeder,1,/demo,pet
2026-07-05T08:33:46+00:00,cat-joule,Joule,feeding,food_change,7.0,g,2026-07-05T08:33:46+00:00,190,feeder-joule,Joule's feeder,1,/demo,pet
2026-07-05T11:38:32+00:00,cat-pascal,Pascal,feeding,food_change,3.0,g,2026-07-05T11:38:32+00:00,94,feeder-pascal,Pascal's feeder,1,/demo,pet
2026-07-05T11:58:07+00:00,cat-pascal,Pascal,feeding,food_change,3.0,g,2026-07-05T11:58:07+00:00,79,feeder-pascal,Pascal's feeder,1,/demo,pet
2026-07-05T12:10:57+00:00,cat-pascal,Pascal,feeding,food_change,2.0,g,2026-07-05T12:10:57+00:00,77,feeder-pascal,Pascal's feeder,1,/demo,pet
2026-07-05T12:22:07+00:00,cat-pascal,Pascal,feeding,food_change,4.0,g,2026-07-05T12:22:07+00:00,88,feeder-pascal,Pascal's feeder,1,/demo,pet
2026-07-05T17:34:29+00:00,cat-pascal,Pascal,feeding,food_change,5.0,g,2026-07-05T17:34:29+00:00,201,feeder-pascal,Pascal's feeder,1,/demo,pet
2026-07-05T17:37:18+00:00,cat-pascal,Pascal,feeding,food_change,2.0,g,2026-07-05T17:37:18+00:00,4,feeder-pascal,Pascal's feeder,5,/demo,food_addition
2026-07-05T17:50:03+00:00,cat-joule,Joule,feeding,food_change,2.0,g,2026-07-05T17:50:03+00:00,33,feeder-joule,Joule's feeder,1,/demo,pet
2026-07-05T18:12:52+00:00,cat-pascal,Pascal,feeding,food_change,3.0,g,2026-07-05T18:12:52+00:00,148,feeder-pascal,Pascal's feeder,1,/demo,pet
2026-07-05T18:28:07+00:00,cat-pascal,Pascal,feeding,food_change,4.0,g,2026-07-05T18:28:07+00:00,161,feeder-pascal,Pascal's feeder,1,/demo,pet
2026-07-05T19:05:23+00:00,cat-joule,Joule,feeding,food_change,2.0,g,2026-07-05T19:05:23+00:00,93,feeder-joule,Joule's feeder,1,/demo,pet
2026-07-05T19:05:24+00:00,cat-pascal,Pascal,feeding,food_change,4.0,g,2026-07-05T19:05:24+00:00,163,feeder-pascal,Pascal's feeder,1,/demo,pet
2026-07-05T19:13:52+00:00,cat-pascal,Pascal,feeding,food_change,7.0,g,2026-07-05T19:13:52+00:00,119,feeder-pascal,Pascal's feeder,1,/demo,pet
2026-07-05T21:26:43+00:00,cat-joule,Joule,feeding,food_change,13.0,g,2026-07-05T21:26:43+00:00,357,feeder-joule,Joule's feeder,1,/demo,pet
2026-07-06T01:33:30+00:00,cat-pascal,Pascal,feeding,food_change,5.0,g,2026-07-06T01:33:30+00:00,155,feeder-pascal,Pascal's feeder,1,/demo,pet
2026-07-06T02:10:45+00:00,cat-pascal,Pascal,feeding,food_change,2.0,g,2026-07-06T02:10:45+00:00,127,feeder-pascal,Pascal's feeder,1,/demo,pet
2026-07-06T02:55:36+00:00,cat-pascal,Pascal,feeding,food_change,5.0,g,2026-07-06T02:55:36+00:00,124,feeder-pascal,Pascal's feeder,1,/demo,pet
2026-07-06T03:07:51+00:00,cat-joule,Joule,feeding,food_change,9.0,g,2026-07-06T03:07:51+00:00,179,feeder-joule,Joule's feeder,1,/demo,pet
2026-07-06T03:12:57+00:00,cat-pascal,Pascal,feeding,food_change,2.0,g,2026-07-06T03:12:57+00:00,76,feeder-pascal,Pascal's feeder,1,/demo,pet
2026-07-06T04:35:07+00:00,cat-joule,Joule,feeding,food_change,6.0,g,2026-07-06T04:35:07+00:00,129,feeder-joule,Joule's feeder,1,/demo,pet
2026-07-06T04:57:31+00:00,cat-joule,Joule,feeding,food_change,7.0,g,2026-07-06T04:57:31+00:00,184,feeder-joule,Joule's feeder,1,/demo,pet
2026-07-06T08:03:58+00:00,cat-joule,Joule,feeding,food_change,6.0,g,2026-07-06T08:03:58+00:00,187,feeder-joule,Joule's feeder,1,/demo,pet
2026-07-06T08:16:16+00:00,cat-pascal,Pascal,feeding,food_change,5.0,g,2026-07-06T08:16:16+00:00,174,feeder-pascal,Pascal's feeder,1,/demo,pet
2026-07-06T08:53:45+00:00,cat-pascal,Pascal,feeding,food_change,5.0,g,2026-07-06T08:53:45+00:00,119,feeder-pascal,Pascal's feeder,1,/demo,pet
2026-07-06T11:22:12+00:00,cat-pascal,Pascal,feeding,food_change,3.0,g,2026-07-06T11:22:12+00:00,39,feeder-pascal,Pascal's feeder,1,/demo,pet
2026-07-06T11:25:58+00:00,cat-pascal,Pascal,feeding,food_change,5.0,g,2026-07-06T11:25:58+00:00,148,feeder-pascal,Pascal's feeder,1,/demo,pet
2026-07-06T12:32:02+00:00,cat-pascal,Pascal,feeding,food_change,8.0,g,2026-07-06T12:32:02+00:00,214,feeder-pascal,Pascal's feeder,1,/demo,pet
2026-07-06T15:29:15+00:00,cat-pascal,Pascal,feeding,food_change,46.0,g,2026-07-06T15:29:15+00:00,9,feeder-pascal,Pascal's feeder,5,/demo,food_addition
2026-07-06T15:29:24+00:00,cat-joule,Joule,feeding,food_change,53.0,g,2026-07-06T15:29:24+00:00,3,feeder-joule,Joule's feeder,5,/demo,food_addition
2026-07-06T15:29:54+00:00,cat-joule,Joule,feeding,food_change,49.0,g,2026-07-06T15:29:54+00:00,5,feeder-joule,Joule's feeder,5,/demo,food_addition
2026-07-06T15:29:54+00:00,cat-pascal,Pascal,feeding,food_change,49.0,g,2026-07-06T15:29:54+00:00,5,feeder-pascal,Pascal's feeder,5,/demo,food_addition
2026-07-06T16:08:14+00:00,cat-pascal,Pascal,feeding,food_change,18.0,g,2026-07-06T16:08:14+00:00,35,feeder-pascal,Pascal's feeder,1,/demo,pet
2026-07-06T16:18:49+00:00,cat-pascal,Pascal,feeding,food_change,8.0,g,2026-07-06T16:18:49+00:00,209,feeder-pascal,Pascal's feeder,1,/demo,pet
2026-07-06T16:25:02+00:00,cat-joule,Joule,feeding,food_change,6.0,g,2026-07-06T16:25:02+00:00,101,feeder-joule,Joule's feeder,1,/demo,pet
2026-07-06T16:47:55+00:00,cat-joule,Joule,feeding,food_change,5.0,g,2026-07-06T16:47:55+00:00,100,feeder-joule,Joule's feeder,1,/demo,pet
2026-07-06T19:13:51+00:00,cat-pascal,Pascal,feeding,food_change,43.0,g,2026-07-06T19:13:51+00:00,11,feeder-pascal,Pascal's feeder,1,/demo,pet
2026-07-06T19:17:00+00:00,cat-pascal,Pascal,feeding,food_change,8.0,g,2026-07-06T19:17:00+00:00,155,feeder-pascal,Pascal's feeder,1,/demo,pet
2026-07-06T20:07:51+00:00,cat-joule,Joule,feeding,food_change,1.0,g,2026-07-06T20:07:51+00:00,48,feeder-joule,Joule's feeder,1,/demo,pet
2026-07-06T20:52:43+00:00,cat-joule,Joule,feeding,food_change,3.0,g,2026-07-06T20:52:43+00:00,100,feeder-joule,Joule's feeder,1,/demo,pet
2026-07-06T20:54:33+00:00,cat-pascal,Pascal,feeding,food_change,3.0,g,2026-07-06T20:54:33+00:00,115,feeder-pascal,Pascal's feeder,1,/demo,pet
2026-07-06T21:06:39+00:00,cat-joule,Joule,feeding,food_change,7.0,g,2026-07-06T21:06:39+00:00,145,feeder-joule,Joule's feeder,1,/demo,pet
2026-07-06T22:28:07+00:00,cat-joule,Joule,feeding,food_change,5.0,g,2026-07-06T22:28:07+00:00,111,feeder-joule,Joule's feeder,1,/demo,pet
2026-07-06T23:47:03+00:00,cat-joule,Joule,feeding,food_change,7.0,g,2026-07-06T23:47:03+00:00,158,feeder-joule,Joule's feeder,1,/demo,pet
2026-07-07T03:18:18+00:00,cat-joule,Joule,feeding,food_change,5.0,g,2026-07-07T03:18:18+00:00,100,feeder-joule,Joule's feeder,1,/demo,pet
2026-07-07T07:18:14+00:00,cat-joule,Joule,feeding,food_change,9.0,g,2026-07-07T07:18:14+00:00,131,feeder-joule,Joule's feeder,1,/demo,pet
2026-07-07T07:33:26+00:00,cat-joule,Joule,feeding,food_change,5.0,g,2026-07-07T07:33:26+00:00,88,feeder-joule,Joule's feeder,1,/demo,pet
2026-07-07T07:55:07+00:00,cat-pascal,Pascal,feeding,food_change,7.0,g,2026-07-07T07:55:07+00:00,177,feeder-pascal,Pascal's feeder,1,/demo,pet
2026-07-07T08:23:40+00:00,cat-pascal,Pascal,feeding,food_change,4.0,g,2026-07-07T08:23:40+00:00,103,feeder-pascal,Pascal's feeder,1,/demo,pet
2026-07-07T08:24:34+00:00,cat-pascal,Pascal,feeding,food_change,2.0,g,2026-07-07T08:24:34+00:00,41,feeder-pascal,Pascal's feeder,1,/demo,pet
2026-07-07T11:28:54+00:00,cat-pascal,Pascal,feeding,food_change,4.0,g,2026-07-07T11:28:54+00:00,141,feeder-pascal,Pascal's feeder,1,/demo,pet
2026-07-07T11:54:42+00:00,cat-pascal,Pascal,feeding,food_change,6.0,g,2026-07-07T11:54:42+00:00,195,feeder-pascal,Pascal's feeder,1,/demo,pet
2026-07-07T13:25:39+00:00,cat-joule,Joule,feeding,food_change,5.0,g,2026-07-07T13:25:39+00:00,129,feeder-joule,Joule's feeder,1,/demo,pet
2026-07-07T15:01:15+00:00,cat-joule,Joule,feeding,food_change,7.0,g,2026-07-07T15:01:15+00:00,131,feeder-joule,Joule's feeder,1,/demo,pet
2026-07-07T16:07:43+00:00,cat-pascal,Pascal,feeding,food_change,48.0,g,2026-07-07T16:07:43+00:00,53,feeder-pascal,Pascal's feeder,1,/demo,pet
2026-07-07T16:28:31+00:00,cat-pascal,Pascal,feeding,food_change,2.0,g,2026-07-07T16:28:31+00:00,119,feeder-pascal,Pascal's feeder,1,/demo,pet
2026-07-07T16:37:21+00:00,cat-joule,Joule,feeding,food_change,4.0,g,2026-07-07T16:37:21+00:00,108,feeder-joule,Joule's feeder,1,/demo,pet
2026-07-07T16:45:24+00:00,cat-pascal,Pascal,feeding,food_change,4.0,g,2026-07-07T16:45:24+00:00,209,feeder-pascal,Pascal's feeder,1,/demo,pet
2026-07-07T17:04:13+00:00,cat-pascal,Pascal,feeding,food_change,15.0,g,2026-07-07T17:04:13+00:00,4,feeder-pascal,Pascal's feeder,5,/demo,food_addition
2026-07-07T17:06:00+00:00,cat-pascal,Pascal,feeding,food_change,5.0,g,2026-07-07T17:06:00+00:00,97,feeder-pascal,Pascal's feeder,1,/demo,pet
2026-07-07T21:19:59+00:00,cat-joule,Joule,feeding,food_change,7.0,g,2026-07-07T21:19:59+00:00,186,feeder-joule,Joule's feeder,1,/demo,pet
2026-07-07T22:58:21+00:00,cat-joule,Joule,feeding,food_change,6.0,g,2026-07-07T22:58:21+00:00,160,feeder-joule,Joule's feeder,1,/demo,pet
2026-07-08T03:46:48+00:00,cat-joule,Joule,feeding,food_change,4.0,g,2026-07-08T03:46:48+00:00,134,feeder-joule,Joule's feeder,1,/demo,pet
2026-07-08T04:34:39+00:00,cat-joule,Joule,feeding,food_change,1.0,g,2026-07-08T04:34:39+00:00,103,feeder-joule,Joule's feeder,1,/demo,pet
2026-07-08T04:42:46+00:00,cat-joule,Joule,feeding,food_change,8.0,g,2026-07-08T04:42:46+00:00,179,feeder-joule,Joule's feeder,1,/demo,pet
2026-07-08T05:19:26+00:00,cat-joule,Joule,feeding,food_change,2.0,g,2026-07-08T05:19:26+00:00,70,feeder-joule,Joule's feeder,1,/demo,pet
2026-07-08T10:51:10+00:00,cat-pascal,Pascal,feeding,food_change,5.0,g,2026-07-08T10:51:10+00:00,162,feeder-pascal,Pascal's feeder,1,/demo,pet
2026-07-08T11:28:06+00:00,cat-joule,Joule,feeding,food_change,8.0,g,2026-07-08T11:28:06+00:00,200,feeder-joule,Joule's feeder,1,/demo,pet
2026-07-08T11:49:36+00:00,cat-pascal,Pascal,feeding,food_change,5.0,g,2026-07-08T11:49:36+00:00,154,feeder-pascal,Pascal's feeder,1,/demo,pet
2026-07-08T11:55:10+00:00,cat-pascal,Pascal,feeding,food_change,2.0,g,2026-07-08T11:55:10+00:00,125,feeder-pascal,Pascal's feeder,1,/demo,pet
2026-07-08T13:34:44+00:00,cat-joule,Joule,feeding,food_change,7.0,g,2026-07-08T13:34:44+00:00,185,feeder-joule,Joule's feeder,1,/demo,pet
2026-07-08T15:18:00+00:00,cat-pascal,Pascal,feeding,food_change,9.0,g,2026-07-08T15:18:00+00:00,246,feeder-pascal,Pascal's feeder,1,/demo,pet
2026-07-08T16:36:07+00:00,cat-pascal,Pascal,feeding,food_change,7.0,g,2026-07-08T16:36:07+00:00,234,feeder-pascal,Pascal's feeder,1,/demo,pet
2026-07-08T19:08:41+00:00,cat-joule,Joule,feeding,food_change,54.0,g,2026-07-08T19:08:41+00:00,4,feeder-joule,Joule's feeder,5,/demo,food_addition
2026-07-08T19:09:13+00:00,cat-joule,Joule,feeding,food_change,52.0,g,2026-07-08T19:09:13+00:00,3,feeder-joule,Joule's feeder,5,/demo,food_addition
2026-07-08T19:09:13+00:00,cat-pascal,Pascal,feeding,food_change,52.0,g,2026-07-08T19:09:13+00:00,3,feeder-pascal,Pascal's feeder,5,/demo,food_addition
2026-07-08T19:11:10+00:00,cat-joule,Joule,feeding,food_change,5.0,g,2026-07-08T19:11:10+00:00,114,feeder-joule,Joule's feeder,1,/demo,pet
2026-07-08T20:48:52+00:00,cat-joule,Joule,feeding,food_change,5.0,g,2026-07-08T20:48:52+00:00,94,feeder-joule,Joule's feeder,1,/demo,pet
2026-07-08T21:59:07+00:00,cat-joule,Joule,feeding,food_change,4.0,g,2026-07-08T21:59:07+00:00,93,feeder-joule,Joule's feeder,1,/demo,pet
2026-07-09T01:09:50+00:00,cat-pascal,Pascal,feeding,food_change,11.0,g,2026-07-09T01:09:50+00:00,403,feeder-pascal,Pascal's feeder,1,/demo,pet
2026-07-09T01:32:31+00:00,cat-joule,Joule,feeding,food_change,1.0,g,2026-07-09T01:32:31+00:00,58,feeder-joule,Joule's feeder,1,/demo,pet
2026-07-09T01:38:10+00:00,cat-joule,Joule,feeding,food_change,5.0,g,2026-07-09T01:38:10+00:00,84,feeder-joule,Joule's feeder,1,/demo,pet
2026-07-09T01:53:37+00:00,cat-joule,Joule,feeding,food_change,2.0,g,2026-07-09T01:53:37+00:00,71,feeder-joule,Joule's feeder,1,/demo,pet
2026-07-09T02:19:59+00:00,cat-pascal,Pascal,feeding,food_change,6.0,g,2026-07-09T02:19:59+00:00,293,feeder-pascal,Pascal's feeder,1,/demo,pet
2026-07-09T02:28:29+00:00,cat-joule,Joule,feeding,food_change,3.0,g,2026-07-09T02:28:29+00:00,88,feeder-joule,Joule's feeder,1,/demo,pet
2026-07-09T03:33:02+00:00,cat-pascal,Pascal,feeding,food_change,5.0,g,2026-07-09T03:33:02+00:00,276,feeder-pascal,Pascal's feeder,1,/demo,pet
2026-07-09T03:48:15+00:00,cat-pascal,Pascal,feeding,food_change,15.0,g,2026-07-09T03:48:15+00:00,1183,feeder-pascal,Pascal's feeder,5,/demo,food_addition
2026-07-09T09:14:03+00:00,cat-pascal,Pascal,feeding,food_change,12.0,g,2026-07-09T09:14:03+00:00,184,feeder-pascal,Pascal's feeder,1,/demo,pet
2026-07-09T10:47:42+00:00,cat-pascal,Pascal,feeding,food_change,8.0,g,2026-07-09T10:47:42+00:00,152,feeder-pascal,Pascal's feeder,1,/demo,pet
2026-07-09T11:06:11+00:00,cat-joule,Joule,feeding,food_change,9.0,g,2026-07-09T11:06:11+00:00,198,feeder-joule,Joule's feeder,1,/demo,pet
2026-07-09T11:18:48+00:00,cat-joule,Joule,feeding,food_change,6.0,g,2026-07-09T11:18:48+00:00,120,feeder-joule,Joule's feeder,1,/demo,pet
2026-07-09T11:19:52+00:00,cat-pascal,Pascal,feeding,food_change,5.0,g,2026-07-09T11:19:52+00:00,195,feeder-pascal,Pascal's feeder,1,/demo,pet
2026-07-09T11:59:05+00:00,cat-pascal,Pascal,feeding,food_change,4.0,g,2026-07-09T11:59:05+00:00,108,feeder-pascal,Pascal's feeder,1,/demo,pet
2026-07-09T12:02:54+00:00,cat-pascal,Pascal,feeding,food_change,3.0,g,2026-07-09T12:02:54+00:00,104,feeder-pascal,Pascal's feeder,1,/demo,pet
2026-07-09T14:05:24+00:00,cat-joule,Joule,feeding,food_change,6.0,g,2026-07-09T14:05:24+00:00,129,feeder-joule,Joule's feeder,1,/demo,pet
2026-07-09T17:17:29+00:00,cat-pascal,Pascal,feeding,food_change,11.0,g,2026-07-09T17:17:29+00:00,145,feeder-pascal,Pascal's feeder,1,/demo,pet
2026-07-09T17:28:38+00:00,cat-joule,Joule,feeding,food_change,7.0,g,2026-07-09T17:28:38+00:00,175,feeder-joule,Joule's feeder,1,/demo,pet
2026-07-09T20:28:00+00:00,cat-joule,Joule,feeding,food_change,3.0,g,2026-07-09T20:28:00+00:00,87,feeder-joule,Joule's feeder,1,/demo,pet
2026-07-09T20:29:20+00:00,cat-pascal,Pascal,feeding,food_change,17.0,g,2026-07-09T20:29:20+00:00,154,feeder-pascal,Pascal's feeder,1,/demo,pet
2026-07-09T20:29:47+00:00,cat-joule,Joule,feeding,food_change,96.0,g,2026-07-09T20:29:47+00:00,3,feeder-joule,Joule's feeder,5,/demo,food_addition
2026-07-09T20:29:51+00:00,cat-pascal,Pascal,feeding,food_change,50.0,g,2026-07-09T20:29:51+00:00,2,feeder-pascal,Pascal's feeder,5,/demo,food_addition
2026-07-09T20:37:58+00:00,cat-joule,Joule,feeding,food_change,4.0,g,2026-07-09T20:37:58+00:00,85,feeder-joule,Joule's feeder,1,/demo,pet
2026-07-09T21:15:51+00:00,cat-joule,Joule,feeding,food_change,6.0,g,2026-07-09T21:15:51+00:00,101,feeder-joule,Joule's feeder,1,/demo,pet
2026-07-09T21:59:50+00:00,cat-joule,Joule,feeding,food_change,4.0,g,2026-07-09T21:59:50+00:00,81,feeder-joule,Joule's feeder,1,/demo,pet
2026-07-10T02:20:33+00:00,cat-pascal,Pascal,feeding,food_change,8.0,g,2026-07-10T02:20:33+00:00,94,feeder-pascal,Pascal's feeder,1,/demo,pet
2026-07-10T02:37:10+00:00,cat-joule,Joule,feeding,food_change,10.0,g,2026-07-10T02:37:10+00:00,143,feeder-joule,Joule's feeder,1,/demo,pet
2026-07-10T06:18:23+00:00,cat-joule,Joule,feeding,food_change,7.0,g,2026-07-10T06:18:23+00:00,116,feeder-joule,Joule's feeder,1,/demo,pet
2026-07-10T06:53:22+00:00,cat-joule,Joule,feeding,food_change,4.0,g,2026-07-10T06:53:22+00:00,102,feeder-joule,Joule's feeder,1,/demo,pet
2026-07-10T07:26:59+00:00,cat-pascal,Pascal,feeding,food_change,11.0,g,2026-07-10T07:26:59+00:00,135,feeder-pascal,Pascal's feeder,1,/demo,pet
2026-07-10T11:27:40+00:00,cat-pascal,Pascal,feeding,food_change,3.0,g,2026-07-10T11:27:40+00:00,33,feeder-pascal,Pascal's feeder,1,/demo,pet
2026-07-10T11:28:57+00:00,cat-pascal,Pascal,feeding,food_change,7.0,g,2026-07-10T11:28:57+00:00,49,feeder-pascal,Pascal's feeder,1,/demo,pet
2026-07-10T11:33:35+00:00,cat-joule,Joule,feeding,food_change,8.0,g,2026-07-10T11:33:35+00:00,125,feeder-joule,Joule's feeder,1,/demo,pet
2026-07-10T11:41:57+00:00,cat-pascal,Pascal,feeding,food_change,5.0,g,2026-07-10T11:41:57+00:00,81,feeder-pascal,Pascal's feeder,1,/demo,pet
2026-07-10T12:15:42+00:00,cat-pascal,Pascal,feeding,food_change,13.0,g,2026-07-10T12:15:42+00:00,42,feeder-pascal,Pascal's feeder,1,/demo,pet
2026-07-10T17:10:31+00:00,cat-pascal,Pascal,feeding,food_change,2.0,g,2026-07-10T17:10:31+00:00,4,feeder-pascal,Pascal's feeder,5,/demo,food_addition
2026-07-10T17:13:58+00:00,cat-pascal,Pascal,feeding,food_change,10.0,g,2026-07-10T17:13:58+00:00,180,feeder-pascal,Pascal's feeder,1,/demo,pet
2026-07-10T17:20:59+00:00,cat-joule,Joule,feeding,food_change,4.0,g,2026-07-10T17:20:59+00:00,112,feeder-joule,Joule's feeder,1,/demo,pet
2026-07-10T19:56:15+00:00,cat-pascal,Pascal,feeding,food_change,6.0,g,2026-07-10T19:56:15+00:00,143,feeder-pascal,Pascal's feeder,1,/demo,pet
2026-07-10T19:58:49+00:00,cat-joule,Joule,feeding,food_change,6.0,g,2026-07-10T19:58:49+00:00,112,feeder-joule,Joule's feeder,1,/demo,pet
2026-07-10T19:59:39+00:00,cat-pascal,Pascal,feeding,food_change,3.0,g,2026-07-10T19:59:39+00:00,147,feeder-pascal,Pascal's feeder,1,/demo,pet
2026-07-10T22:19:30+00:00,cat-pascal,Pascal,feeding,food_change,49.0,g,2026-07-10T22:19:30+00:00,424,feeder-pascal,Pascal's feeder,5,/demo,food_addition
2026-07-10T22:20:07+00:00,cat-joule,Joule,feeding,food_change,28.0,g,2026-07-10T22:20:07+00:00,188,feeder-joule,Joule's feeder,5,/demo,food_addition
2026-07-10T22:20:07+00:00,cat-pascal,Pascal,feeding,food_change,28.0,g,2026-07-10T22:20:07+00:00,188,feeder-pascal,Pascal's feeder,5,/demo,food_addition
2026-07-10T22:37:13+00:00,cat-joule,Joule,feeding,food_change,5.0,g,2026-07-10T22:37:13+00:00,108,feeder-joule,Joule's feeder,1,/demo,pet
2026-07-10T22:38:57+00:00,cat-pascal,Pascal,feeding,food_change,3.0,g,2026-07-10T22:38:57+00:00,120,feeder-pascal,Pascal's feeder,1,/demo,pet
2026-07-10T23:56:23+00:00,cat-joule,Joule,feeding,food_change,4.0,g,2026-07-10T23:56:23+00:00,62,feeder-joule,Joule's feeder,1,/demo,pet
2026-07-11T01:03:25+00:00,cat-joule,Joule,feeding,food_change,2.0,g,2026-07-11T01:03:25+00:00,74,feeder-joule,Joule's feeder,1,/demo,pet
2026-07-11T02:54:10+00:00,cat-pascal,Pascal,feeding,food_change,8.0,g,2026-07-11T02:54:10+00:00,125,feeder-pascal,Pascal's feeder,1,/demo,pet
2026-07-11T04:23:16+00:00,cat-joule,Joule,feeding,food_change,5.0,g,2026-07-11T04:23:16+00:00,109,feeder-joule,Joule's feeder,1,/demo,pet
2026-07-11T04:31:48+00:00,cat-joule,Joule,feeding,food_change,2.0,g,2026-07-11T04:31:48+00:00,68,feeder-joule,Joule's feeder,1,/demo,pet
2026-07-11T04:34:07+00:00,cat-joule,Joule,feeding,food_change,5.0,g,2026-07-11T04:34:07+00:00,66,feeder-joule,Joule's feeder,1,/demo,pet
2026-07-11T07:22:05+00:00,cat-joule,Joule,feeding,food_change,4.0,g,2026-07-11T07:22:05+00:00,75,feeder-joule,Joule's feeder,1,/demo,pet
2026-07-11T07:48:39+00:00,cat-joule,Joule,feeding,food_change,4.0,g,2026-07-11T07:48:39+00:00,70,feeder-joule,Joule's feeder,1,/demo,pet
2026-07-11T10:32:35+00:00,cat-pascal,Pascal,feeding,food_change,8.0,g,2026-07-11T10:32:35+00:00,180,feeder-pascal,Pascal's feeder,1,/demo,pet
2026-07-11T11:25:18+00:00,cat-pascal,Pascal,feeding,food_change,6.0,g,2026-07-11T11:25:18+00:00,183,feeder-pascal,Pascal's feeder,1,/demo,pet
2026-07-11T11:43:08+00:00,cat-joule,Joule,feeding,food_change,3.0,g,2026-07-11T11:43:08+00:00,94,feeder-joule,Joule's feeder,1,/demo,pet
2026-07-11T12:09:10+00:00,cat-pascal,Pascal,feeding,food_change,5.0,g,2026-07-11T12:09:10+00:00,126,feeder-pascal,Pascal's feeder,1,/demo,pet
2026-07-11T12:17:24+00:00,cat-pascal,Pascal,feeding,food_change,4.0,g,2026-07-11T12:17:24+00:00,124,feeder-pascal,Pascal's feeder,1,/demo,pet
2026-07-11T15:56:21+00:00,cat-pascal,Pascal,feeding,food_change,5.0,g,2026-07-11T15:56:21+00:00,150,feeder-pascal,Pascal's feeder,1,/demo,pet
2026-07-11T18:39:59+00:00,cat-joule,Joule,feeding,food_change,3.0,g,2026-07-11T18:39:59+00:00,91,feeder-joule,Joule's feeder,1,/demo,pet
2026-07-11T20:09:38+00:00,cat-pascal,Pascal,feeding,food_change,2.0,g,2026-07-11T20:09:38+00:00,2,feeder-pascal,Pascal's feeder,5,/demo,food_addition
2026-07-11T20:12:57+00:00,cat-pascal,Pascal,feeding,food_change,4.0,g,2026-07-11T20:12:57+00:00,187,feeder-pascal,Pascal's feeder,1,/demo,pet
2026-07-11T21:47:31+00:00,cat-pascal,Pascal,feeding,food_change,7.0,g,2026-07-11T21:47:31+00:00,301,feeder-pascal,Pascal's feeder,1,/demo,pet
2026-07-11T22:41:33+00:00,cat-pascal,Pascal,feeding,food_change,56.0,g,2026-07-11T22:41:33+00:00,7,feeder-pascal,Pascal's feeder,5,/demo,food_addition
2026-07-11T23:02:34+00:00,cat-joule,Joule,feeding,food_change,6.0,g,2026-07-11T23:02:34+00:00,153,feeder-joule,Joule's feeder,1,/demo,pet
2026-07-11T23:41:15+00:00,cat-joule,Joule,feeding,food_change,5.0,g,2026-07-11T23:41:15+00:00,117,feeder-joule,Joule's feeder,1,/demo,pet
2026-07-11T23:54:03+00:00,cat-joule,Joule,feeding,food_change,5.0,g,2026-07-11T23:54:03+00:00,108,feeder-joule,Joule's feeder,1,/demo,pet
2026-07-12T03:46:01+00:00,cat-pascal,Pascal,feeding,food_change,5.0,g,2026-07-12T03:46:01+00:00,156,feeder-pascal,Pascal's feeder,1,/demo,pet
2026-07-12T03:54:00+00:00,cat-pascal,Pascal,feeding,food_change,5.0,g,2026-07-12T03:54:00+00:00,125,feeder-pascal,Pascal's feeder,1,/demo,pet
2026-07-12T04:34:25+00:00,cat-joule,Joule,feeding,food_change,9.0,g,2026-07-12T04:34:25+00:00,227,feeder-joule,Joule's feeder,1,/demo,pet
2026-07-12T05:41:52+00:00,cat-joule,Joule,feeding,food_change,3.0,g,2026-07-12T05:41:52+00:00,82,feeder-joule,Joule's feeder,1,/demo,pet
2026-07-12T08:21:37+00:00,cat-pascal,Pascal,feeding,food_change,2.0,g,2026-07-12T08:21:37+00:00,84,feeder-pascal,Pascal's feeder,1,/demo,pet
2026-07-12T08:23:26+00:00,cat-pascal,Pascal,feeding,food_change,4.0,g,2026-07-12T08:23:26+00:00,103,feeder-pascal,Pascal's feeder,1,/demo,pet
2026-07-12T08:52:58+00:00,cat-joule,Joule,feeding,food_change,7.0,g,2026-07-12T08:52:58+00:00,191,feeder-joule,Joule's feeder,1,/demo,pet
2026-07-12T09:18:55+00:00,cat-joule,Joule,feeding,food_change,8.0,g,2026-07-12T09:18:55+00:00,176,feeder-joule,Joule's feeder,1,/demo,pet
2026-07-12T09:57:20+00:00,cat-pascal,Pascal,feeding,food_change,4.0,g,2026-07-12T09:57:20+00:00,124,feeder-pascal,Pascal's feeder,1,/demo,pet
2026-07-12T11:52:11+00:00,cat-pascal,Pascal,feeding,food_change,1.0,g,2026-07-12T11:52:11+00:00,10,feeder-pascal,Pascal's feeder,1,/demo,pet
2026-07-12T11:54:31+00:00,cat-pascal,Pascal,feeding,food_change,5.0,g,2026-07-12T11:54:31+00:00,93,feeder-pascal,Pascal's feeder,1,/demo,pet
2026-07-12T12:08:51+00:00,cat-pascal,Pascal,feeding,food_change,5.0,g,2026-07-12T12:08:51+00:00,43,feeder-pascal,Pascal's feeder,1,/demo,pet
2026-07-12T12:09:40+00:00,cat-pascal,Pascal,feeding,food_change,2.0,g,2026-07-12T12:09:40+00:00,45,feeder-pascal,Pascal's feeder,1,/demo,pet
2026-07-12T18:39:00+00:00,cat-joule,Joule,feeding,food_change,7.0,g,2026-07-12T18:39:00+00:00,201,feeder-joule,Joule's feeder,1,/demo,pet
2026-07-12T18:42:17+00:00,cat-pascal,Pascal,feeding,food_change,4.0,g,2026-07-12T18:42:17+00:00,135,feeder-pascal,Pascal's feeder,1,/demo,pet
2026-07-12T18:44:56+00:00,cat-joule,Joule,feeding,food_change,73.0,g,2026-07-12T18:44:56+00:00,4,feeder-joule,Joule's feeder,5,/demo,food_addition
2026-07-12T18:45:03+00:00,cat-pascal,Pascal,feeding,food_change,31.0,g,2026-07-12T18:45:03+00:00,6,feeder-pascal,Pascal's feeder,5,/demo,food_addition
2026-07-12T18:45:38+00:00,cat-joule,Joule,feeding,food_change,69.0,g,2026-07-12T18:45:38+00:00,5,feeder-joule,Joule's feeder,5,/demo,food_addition
2026-07-12T18:45:38+00:00,cat-pascal,Pascal,feeding,food_change,69.0,g,2026-07-12T18:45:38+00:00,5,feeder-pascal,Pascal's feeder,5,/demo,food_addition
2026-07-12T18:49:29+00:00,cat-pascal,Pascal,feeding,food_change,1.0,g,2026-07-12T18:49:29+00:00,112,feeder-pascal,Pascal's feeder,1,/demo,pet
2026-07-12T19:43:43+00:00,cat-pascal,Pascal,feeding,food_change,7.0,g,2026-07-12T19:43:43+00:00,177,feeder-pascal,Pascal's feeder,1,/demo,pet
2026-07-12T23:17:51+00:00,cat-joule,Joule,feeding,food_change,7.0,g,2026-07-12T23:17:51+00:00,132,feeder-joule,Joule's feeder,1,/demo,pet
2026-07-12T23:38:15+00:00,cat-joule,Joule,feeding,food_change,3.0,g,2026-07-12T23:38:15+00:00,95,feeder-joule,Joule's feeder,1,/demo,pet
2026-07-13T01:56:05+00:00,cat-pascal,Pascal,feeding,food_change,7.0,g,2026-07-13T01:56:05+00:00,172,feeder-pascal,Pascal's feeder,1,/demo,pet
2026-07-13T02:36:38+00:00,cat-joule,Joule,feeding,food_change,4.0,g,2026-07-13T02:36:38+00:00,71,feeder-joule,Joule's feeder,1,/demo,pet
2026-07-13T02:57:41+00:00,cat-pascal,Pascal,feeding,food_change,7.0,g,2026-07-13T02:57:41+00:00,183,feeder-pascal,Pascal's feeder,1,/demo,pet
2026-07-13T03:54:08+00:00,cat-joule,Joule,feeding,food_change,7.0,g,2026-07-13T03:54:08+00:00,105,feeder-joule,Joule's feeder,1,/demo,pet
2026-07-13T04:44:08+00:00,cat-joule,Joule,feeding,food_change,4.0,g,2026-07-13T04:44:08+00:00,82,feeder-joule,Joule's feeder,1,/demo,pet
2026-07-13T04:52:12+00:00,cat-pascal,Pascal,feeding,food_change,1.0,g,2026-07-13T04:52:12+00:00,40,feeder-pascal,Pascal's feeder,1,/demo,pet
2026-07-13T04:53:21+00:00,cat-pascal,Pascal,feeding,food_change,5.0,g,2026-07-13T04:53:21+00:00,65,feeder-pascal,Pascal's feeder,1,/demo,pet
2026-07-13T04:54:14+00:00,cat-pascal,Pascal,feeding,food_change,2.0,g,2026-07-13T04:54:14+00:00,40,feeder-pascal,Pascal's feeder,1,/demo,pet
2026-07-13T10:56:27+00:00,cat-joule,Joule,feeding,food_change,9.0,g,2026-07-13T10:56:27+00:00,171,feeder-joule,Joule's feeder,1,/demo,pet
2026-07-13T11:15:01+00:00,cat-pascal,Pascal,feeding,food_change,7.0,g,2026-07-13T11:15:01+00:00,199,feeder-pascal,Pascal's feeder,1,/demo,pet
2026-07-13T11:38:14+00:00,cat-joule,Joule,feeding,food_change,4.0,g,2026-07-13T11:38:14+00:00,108,feeder-joule,Joule's feeder,1,/demo,pet
2026-07-13T11:52:43+00:00,cat-pascal,Pascal,feeding,food_change,3.0,g,2026-07-13T11:52:43+00:00,106,feeder-pascal,Pascal's feeder,1,/demo,pet
2026-07-13T12:03:57+00:00,cat-pascal,Pascal,feeding,food_change,5.0,g,2026-07-13T12:03:57+00:00,124,feeder-pascal,Pascal's feeder,1,/demo,pet
2026-07-13T13:53:54+00:00,cat-joule,Joule,feeding,food_change,6.0,g,2026-07-13T13:53:54+00:00,123,feeder-joule,Joule's feeder,1,/demo,pet
2026-07-13T15:30:37+00:00,cat-pascal,Pascal,feeding,food_change,4.0,g,2026-07-13T15:30:37+00:00,162,feeder-pascal,Pascal's feeder,1,/demo,pet
2026-07-13T16:07:27+00:00,cat-pascal,Pascal,feeding,food_change,29.0,g,2026-07-13T16:07:27+00:00,2361,feeder-pascal,Pascal's feeder,5,/demo,food_addition
2026-07-13T16:26:13+00:00,cat-pascal,Pascal,feeding,food_change,3.0,g,2026-07-13T16:26:13+00:00,34,feeder-pascal,Pascal's feeder,5,/demo,food_addition
2026-07-13T16:29:01+00:00,cat-pascal,Pascal,feeding,food_change,5.0,g,2026-07-13T16:29:01+00:00,159,feeder-pascal,Pascal's feeder,1,/demo,pet
2026-07-13T19:58:19+00:00,cat-joule,Joule,feeding,food_change,5.0,g,2026-07-13T19:58:19+00:00,85,feeder-joule,Joule's feeder,1,/demo,pet
2026-07-13T20:01:42+00:00,cat-pascal,Pascal,feeding,food_change,19.0,g,2026-07-13T20:01:42+00:00,51,feeder-pascal,Pascal's feeder,1,/demo,pet
2026-07-13T20:04:26+00:00,cat-pascal,Pascal,feeding,food_change,5.0,g,2026-07-13T20:04:26+00:00,161,feeder-pascal,Pascal's feeder,1,/demo,pet
2026-07-13T21:00:16+00:00,cat-joule,Joule,feeding,food_change,2.0,g,2026-07-13T21:00:16+00:00,66,feeder-joule,Joule's feeder,1,/demo,pet
2026-07-13T21:10:30+00:00,cat-joule,Joule,feeding,food_change,3.0,g,2026-07-13T21:10:30+00:00,70,feeder-joule,Joule's feeder,1,/demo,pet
2026-07-14T01:02:28+00:00,cat-joule,Joule,feeding,food_change,7.0,g,2026-07-14T01:02:28+00:00,163,feeder-joule,Joule's feeder,1,/demo,pet
2026-07-14T01:24:06+00:00,cat-pascal,Pascal,feeding,food_change,5.0,g,2026-07-14T01:24:06+00:00,271,feeder-pascal,Pascal's feeder,1,/demo,pet
2026-07-14T02:09:56+00:00,cat-joule,Joule,feeding,food_change,8.0,g,2026-07-14T02:09:56+00:00,199,feeder-joule,Joule's feeder,1,/demo,pet
2026-07-14T07:29:23+00:00,cat-joule,Joule,feeding,food_change,9.0,g,2026-07-14T07:29:23+00:00,183,feeder-joule,Joule's feeder,1,/demo,pet
2026-07-14T09:11:10+00:00,cat-pascal,Pascal,feeding,food_change,4.0,g,2026-07-14T09:11:10+00:00,134,feeder-pascal,Pascal's feeder,1,/demo,pet
2026-07-14T11:27:12+00:00,cat-joule,Joule,feeding,food_change,7.0,g,2026-07-14T11:27:12+00:00,138,feeder-joule,Joule's feeder,1,/demo,pet
2026-07-14T11:47:18+00:00,cat-pascal,Pascal,feeding,food_change,6.0,g,2026-07-14T11:47:18+00:00,237,feeder-pascal,Pascal's feeder,1,/demo,pet
2026-07-14T12:53:51+00:00,cat-joule,Joule,feeding,food_change,3.0,g,2026-07-14T12:53:51+00:00,96,feeder-joule,Joule's feeder,1,/demo,pet
2026-07-14T13:24:21+00:00,cat-pascal,Pascal,feeding,food_change,1.0,g,2026-07-14T13:24:21+00:00,72,feeder-pascal,Pascal's feeder,1,/demo,pet
2026-07-14T13:26:20+00:00,cat-pascal,Pascal,feeding,food_change,3.0,g,2026-07-14T13:26:20+00:00,115,feeder-pascal,Pascal's feeder,1,/demo,pet
2026-07-14T15:32:18+00:00,cat-pascal,Pascal,feeding,food_change,1.0,g,2026-07-14T15:32:18+00:00,104,feeder-pascal,Pascal's feeder,1,/demo,pet
2026-07-14T16:15:07+00:00,cat-pascal,Pascal,feeding,food_change,3.0,g,2026-07-14T16:15:07+00:00,86,feeder-pascal,Pascal's feeder,1,/demo,pet
2026-07-14T16:53:16+00:00,cat-joule,Joule,feeding,food_change,10.0,g,2026-07-14T16:53:16+00:00,303,feeder-joule,Joule's feeder,1,/demo,pet
2026-07-14T18:46:23+00:00,cat-pascal,Pascal,feeding,food_change,3.0,g,2026-07-14T18:46:23+00:00,224,feeder-pascal,Pascal's feeder,1,/demo,pet
2026-07-14T18:50:18+00:00,cat-joule,Joule,feeding,food_change,48.0,g,2026-07-14T18:50:18+00:00,3,feeder-joule,Joule's feeder,5,/demo,food_addition
2026-07-14T18:52:23+00:00,cat-pascal,Pascal,feeding,food_change,62.0,g,2026-07-14T18:52:23+00:00,6,feeder-pascal,Pascal's feeder,5,/demo,food_addition
2026-07-14T18:52:47+00:00,cat-joule,Joule,feeding,food_change,42.0,g,2026-07-14T18:52:47+00:00,2,feeder-joule,Joule's feeder,5,/demo,food_addition
2026-07-14T18:52:47+00:00,cat-pascal,Pascal,feeding,food_change,42.0,g,2026-07-14T18:52:47+00:00,2,feeder-pascal,Pascal's feeder,5,/demo,food_addition
2026-07-14T18:56:05+00:00,cat-pascal,Pascal,feeding,food_change,20.0,g,2026-07-14T18:56:05+00:00,195,feeder-pascal,Pascal's feeder,1,/demo,pet
2026-07-14T23:00:51+00:00,cat-joule,Joule,feeding,food_change,8.0,g,2026-07-14T23:00:51+00:00,150,feeder-joule,Joule's feeder,1,/demo,pet
2026-07-14T23:19:39+00:00,cat-joule,Joule,feeding,food_change,6.0,g,2026-07-14T23:19:39+00:00,119,feeder-joule,Joule's feeder,1,/demo,pet
2026-07-15T02:29:00+00:00,cat-pascal,Pascal,feeding,food_change,2.0,g,2026-07-15T02:29:00+00:00,107,feeder-pascal,Pascal's feeder,1,/demo,pet
2026-07-15T03:27:01+00:00,cat-pascal,Pascal,feeding,food_change,5.0,g,2026-07-15T03:27:01+00:00,179,feeder-pascal,Pascal's feeder,1,/demo,pet
2026-07-15T04:17:44+00:00,cat-pascal,Pascal,feeding,food_change,1.0,g,2026-07-15T04:17:44+00:00,87,feeder-pascal,Pascal's feeder,1,/demo,pet
2026-07-15T05:46:58+00:00,cat-joule,Joule,feeding,food_change,2.0,g,2026-07-15T05:46:58+00:00,60,feeder-joule,Joule's feeder,1,/demo,pet
2026-07-15T10:51:23+00:00,cat-pascal,Pascal,feeding,food_change,7.0,g,2026-07-15T10:51:23+00:00,199,feeder-pascal,Pascal's feeder,1,/demo,pet
2026-07-15T11:18:46+00:00,cat-joule,Joule,feeding,food_change,11.0,g,2026-07-15T11:18:46+00:00,166,feeder-joule,Joule's feeder,1,/demo,pet
2026-07-15T12:00:24+00:00,cat-pascal,Pascal,feeding,food_change,1.0,g,2026-07-15T12:00:24+00:00,50,feeder-pascal,Pascal's feeder,1,/demo,pet
2026-07-15T12:02:48+00:00,cat-pascal,Pascal,feeding,food_change,5.0,g,2026-07-15T12:02:48+00:00,141,feeder-pascal,Pascal's feeder,1,/demo,pet
2026-07-15T12:21:21+00:00,cat-pascal,Pascal,feeding,food_change,1.0,g,2026-07-15T12:21:21+00:00,91,feeder-pascal,Pascal's feeder,1,/demo,pet
2026-07-15T13:27:14+00:00,cat-joule,Joule,feeding,food_change,5.0,g,2026-07-15T13:27:14+00:00,107,feeder-joule,Joule's feeder,1,/demo,pet
2026-07-15T16:27:49+00:00,cat-pascal,Pascal,feeding,food_change,2.0,g,2026-07-15T16:27:49+00:00,90,feeder-pascal,Pascal's feeder,1,/demo,pet
2026-07-15T16:42:55+00:00,cat-joule,Joule,feeding,food_change,4.0,g,2026-07-15T16:42:55+00:00,102,feeder-joule,Joule's feeder,1,/demo,pet
2026-07-15T16:46:18+00:00,cat-pascal,Pascal,feeding,food_change,2.0,g,2026-07-15T16:46:18+00:00,3,feeder-pascal,Pascal's feeder,5,/demo,food_addition
2026-07-15T16:47:54+00:00,cat-pascal,Pascal,feeding,food_change,4.0,g,2026-07-15T16:47:54+00:00,89,feeder-pascal,Pascal's feeder,1,/demo,pet
2026-07-15T16:50:46+00:00,cat-pascal,Pascal,feeding,food_change,2.0,g,2026-07-15T16:50:46+00:00,83,feeder-pascal,Pascal's feeder,1,/demo,pet
2026-07-15T17:08:22+00:00,cat-joule,Joule,feeding,food_change,4.0,g,2026-07-15T17:08:22+00:00,74,feeder-joule,Joule's feeder,1,/demo,pet
2026-07-15T18:52:41+00:00,cat-pascal,Pascal,feeding,food_change,5.0,g,2026-07-15T18:52:41+00:00,185,feeder-pascal,Pascal's feeder,1,/demo,pet
2026-07-15T20:17:55+00:00,cat-pascal,Pascal,feeding,food_change,58.0,g,2026-07-15T20:17:55+00:00,16,feeder-pascal,Pascal's feeder,5,/demo,food_addition
2026-07-15T20:38:09+00:00,cat-joule,Joule,feeding,food_change,3.0,g,2026-07-15T20:38:09+00:00,80,feeder-joule,Joule's feeder,1,/demo,pet
2026-07-15T20:47:15+00:00,cat-pascal,Pascal,feeding,food_change,4.0,g,2026-07-15T20:47:15+00:00,92,feeder-pascal,Pascal's feeder,1,/demo,pet
2026-07-15T20:53:08+00:00,cat-joule,Joule,feeding,food_change,2.0,g,2026-07-15T20:53:08+00:00,97,feeder-joule,Joule's feeder,1,/demo,pet
2026-07-15T21:07:32+00:00,cat-pascal,Pascal,feeding,food_change,2.0,g,2026-07-15T21:07:32+00:00,61,feeder-pascal,Pascal's feeder,1,/demo,pet
2026-07-15T21:13:28+00:00,cat-joule,Joule,feeding,food_change,1.0,g,2026-07-15T21:13:28+00:00,49,feeder-joule,Joule's feeder,1,/demo,pet
2026-07-16T01:45:54+00:00,cat-joule,Joule,feeding,food_change,2.0,g,2026-07-16T01:45:54+00:00,83,feeder-joule,Joule's feeder,1,/demo,pet
2026-07-16T02:16:44+00:00,cat-joule,Joule,feeding,food_change,4.0,g,2026-07-16T02:16:44+00:00,108,feeder-joule,Joule's feeder,1,/demo,pet
2026-07-16T03:14:59+00:00,cat-pascal,Pascal,feeding,food_change,6.0,g,2026-07-16T03:14:59+00:00,111,feeder-pascal,Pascal's feeder,1,/demo,pet
2026-07-16T03:17:22+00:00,cat-pascal,Pascal,feeding,food_change,2.0,g,2026-07-16T03:17:22+00:00,51,feeder-pascal,Pascal's feeder,1,/demo,pet
2026-07-16T03:55:52+00:00,cat-pascal,Pascal,feeding,food_change,5.0,g,2026-07-16T03:55:52+00:00,100,feeder-pascal,Pascal's feeder,1,/demo,pet
2026-07-16T08:38:08+00:00,cat-joule,Joule,feeding,food_change,6.0,g,2026-07-16T08:38:08+00:00,130,feeder-joule,Joule's feeder,1,/demo,pet
2026-07-16T11:01:42+00:00,cat-pascal,Pascal,feeding,food_change,4.0,g,2026-07-16T11:01:42+00:00,113,feeder-pascal,Pascal's feeder,1,/demo,pet
2026-07-16T11:39:12+00:00,cat-pascal,Pascal,feeding,food_change,4.0,g,2026-07-16T11:39:12+00:00,115,feeder-pascal,Pascal's feeder,1,/demo,pet
2026-07-16T11:44:03+00:00,cat-pascal,Pascal,feeding,food_change,2.0,g,2026-07-16T11:44:03+00:00,46,feeder-pascal,Pascal's feeder,1,/demo,pet
2026-07-16T12:05:24+00:00,cat-joule,Joule,feeding,food_change,5.0,g,2026-07-16T12:05:24+00:00,98,feeder-joule,Joule's feeder,1,/demo,pet
2026-07-16T12:09:38+00:00,cat-joule,Joule,feeding,food_change,5.0,g,2026-07-16T12:09:38+00:00,190,feeder-joule,Joule's feeder,1,/demo,pet
2026-07-16T12:14:53+00:00,cat-pascal,Pascal,feeding,food_change,3.0,g,2026-07-16T12:14:53+00:00,94,feeder-pascal,Pascal's feeder,1,/demo,pet
2026-07-16T12:17:05+00:00,cat-pascal,Pascal,feeding,food_change,2.0,g,2026-07-16T12:17:05+00:00,34,feeder-pascal,Pascal's feeder,1,/demo,pet
2026-07-16T12:21:22+00:00,cat-pascal,Pascal,feeding,food_change,2.0,g,2026-07-16T12:21:22+00:00,46,feeder-pascal,Pascal's feeder,1,/demo,pet
2026-07-16T12:22:20+00:00,cat-pascal,Pascal,feeding,food_change,2.0,g,2026-07-16T12:22:20+00:00,53,feeder-pascal,Pascal's feeder,1,/demo,pet
2026-07-16T14:09:02+00:00,cat-joule,Joule,feeding,food_change,2.0,g,2026-07-16T14:09:02+00:00,79,feeder-joule,Joule's feeder,1,/demo,pet
2026-07-16T16:21:36+00:00,cat-pascal,Pascal,feeding,food_change,3.0,g,2026-07-16T16:21:36+00:00,118,feeder-pascal,Pascal's feeder,1,/demo,pet
2026-07-16T16:27:04+00:00,cat-joule,Joule,feeding,food_change,5.0,g,2026-07-16T16:27:04+00:00,130,feeder-joule,Joule's feeder,1,/demo,pet
2026-07-16T16:48:24+00:00,cat-pascal,Pascal,feeding,food_change,4.0,g,2026-07-16T16:48:24+00:00,112,feeder-pascal,Pascal's feeder,1,/demo,pet
2026-07-16T22:15:44+00:00,cat-pascal,Pascal,feeding,food_change,2.0,g,2026-07-16T22:15:44+00:00,116,feeder-pascal,Pascal's feeder,1,/demo,pet
2026-07-17T03:09:08+00:00,cat-joule,Joule,feeding,food_change,6.0,g,2026-07-17T03:09:08+00:00,163,feeder-joule,Joule's feeder,1,/demo,pet
2026-07-17T05:19:23+00:00,cat-joule,Joule,feeding,food_change,6.0,g,2026-07-17T05:19:23+00:00,142,feeder-joule,Joule's feeder,1,/demo,pet
2026-07-17T10:35:56+00:00,cat-joule,Joule,feeding,food_change,9.0,g,2026-07-17T10:35:56+00:00,188,feeder-joule,Joule's feeder,1,/demo,pet
2026-07-17T10:59:07+00:00,cat-joule,Joule,feeding,food_change,10.0,g,2026-07-17T10:59:07+00:00,253,feeder-joule,Joule's feeder,1,/demo,pet
2026-07-17T11:20:15+00:00,cat-pascal,Pascal,feeding,food_change,4.0,g,2026-07-17T11:20:15+00:00,144,feeder-pascal,Pascal's feeder,1,/demo,pet
2026-07-17T11:56:41+00:00,cat-pascal,Pascal,feeding,food_change,6.0,g,2026-07-17T11:56:41+00:00,202,feeder-pascal,Pascal's feeder,1,/demo,pet
2026-07-17T12:55:33+00:00,cat-pascal,Pascal,feeding,food_change,4.0,g,2026-07-17T12:55:33+00:00,175,feeder-pascal,Pascal's feeder,1,/demo,pet
2026-07-17T17:14:41+00:00,cat-joule,Joule,feeding,food_change,3.0,g,2026-07-17T17:14:41+00:00,68,feeder-joule,Joule's feeder,1,/demo,pet
2026-07-17T17:25:33+00:00,cat-pascal,Pascal,feeding,food_change,1.0,g,2026-07-17T17:25:33+00:00,72,feeder-pascal,Pascal's feeder,1,/demo,pet
2026-07-17T17:39:15+00:00,cat-joule,Joule,feeding,food_change,10.0,g,2026-07-17T17:39:15+00:00,244,feeder-joule,Joule's feeder,1,/demo,pet
2026-07-17T17:39:21+00:00,cat-pascal,Pascal,feeding,food_change,4.0,g,2026-07-17T17:39:21+00:00,172,feeder-pascal,Pascal's feeder,1,/demo,pet
2026-07-17T17:44:18+00:00,cat-joule,Joule,feeding,food_change,57.0,g,2026-07-17T17:44:18+00:00,3,feeder-joule,Joule's feeder,5,/demo,food_addition
2026-07-17T17:46:19+00:00,cat-pascal,Pascal,feeding,food_change,53.0,g,2026-07-17T17:46:19+00:00,4,feeder-pascal,Pascal's feeder,5,/demo,food_addition
2026-07-17T17:49:37+00:00,cat-pascal,Pascal,feeding,food_change,8.0,g,2026-07-17T17:49:37+00:00,155,feeder-pascal,Pascal's feeder,1,/demo,pet
2026-07-17T17:51:14+00:00,cat-pascal,Pascal,feeding,food_change,2.0,g,2026-07-17T17:51:14+00:00,42,feeder-pascal,Pascal's feeder,1,/demo,pet
2026-07-17T18:07:26+00:00,cat-pascal,Pascal,feeding,food_change,5.0,g,2026-07-17T18:07:26+00:00,83,feeder-pascal,Pascal's feeder,1,/demo,pet
2026-07-17T20:19:12+00:00,cat-pascal,Pascal,feeding,food_change,6.0,g,2026-07-17T20:19:12+00:00,150,feeder-pascal,Pascal's feeder,1,/demo,pet
2026-07-17T20:40:29+00:00,cat-joule,Joule,feeding,food_change,4.0,g,2026-07-17T20:40:29+00:00,75,feeder-joule,Joule's feeder,1,/demo,pet
2026-07-17T20:54:22+00:00,cat-joule,Joule,feeding,food_change,4.0,g,2026-07-17T20:54:22+00:00,87,feeder-joule,Joule's feeder,1,/demo,pet
2026-07-18T03:52:30+00:00,cat-pascal,Pascal,feeding,food_change,4.0,g,2026-07-18T03:52:30+00:00,127,feeder-pascal,Pascal's feeder,1,/demo,pet
2026-07-18T03:53:17+00:00,cat-joule,Joule,feeding,food_change,2.0,g,2026-07-18T03:53:17+00:00,68,feeder-joule,Joule's feeder,1,/demo,pet
2026-07-18T03:56:45+00:00,cat-pascal,Pascal,feeding,food_change,8.0,g,2026-07-18T03:56:45+00:00,229,feeder-pascal,Pascal's feeder,1,/demo,pet
2026-07-18T04:10:15+00:00,cat-joule,Joule,feeding,food_change,4.0,g,2026-07-18T04:10:15+00:00,161,feeder-joule,Joule's feeder,1,/demo,pet
2026-07-18T04:31:37+00:00,cat-pascal,Pascal,feeding,food_change,8.0,g,2026-07-18T04:31:37+00:00,216,feeder-pascal,Pascal's feeder,1,/demo,pet
2026-07-18T05:25:08+00:00,cat-joule,Joule,feeding,food_change,7.0,g,2026-07-18T05:25:08+00:00,209,feeder-joule,Joule's feeder,1,/demo,pet
2026-07-18T11:06:43+00:00,cat-joule,Joule,feeding,food_change,12.0,g,2026-07-18T11:06:43+00:00,317,feeder-joule,Joule's feeder,1,/demo,pet
2026-07-18T11:22:15+00:00,cat-joule,Joule,feeding,food_change,6.0,g,2026-07-18T11:22:15+00:00,190,feeder-joule,Joule's feeder,1,/demo,pet
2026-07-18T11:28:39+00:00,cat-pascal,Pascal,feeding,food_change,3.0,g,2026-07-18T11:28:39+00:00,190,feeder-pascal,Pascal's feeder,1,/demo,pet
2026-07-18T11:54:40+00:00,cat-pascal,Pascal,feeding,food_change,4.0,g,2026-07-18T11:54:40+00:00,223,feeder-pascal,Pascal's feeder,1,/demo,pet
2026-07-18T14:25:07+00:00,cat-joule,Joule,feeding,food_change,4.0,g,2026-07-18T14:25:07+00:00,111,feeder-joule,Joule's feeder,1,/demo,pet
2026-07-18T16:02:18+00:00,cat-joule,Joule,feeding,food_change,6.0,g,2026-07-18T16:02:18+00:00,133,feeder-joule,Joule's feeder,1,/demo,pet
2026-07-18T16:46:09+00:00,cat-pascal,Pascal,feeding,food_change,5.0,g,2026-07-18T16:46:09+00:00,195,feeder-pascal,Pascal's feeder,1,/demo,pet
2026-07-18T16:48:57+00:00,cat-joule,Joule,feeding,food_change,8.0,g,2026-07-18T16:48:57+00:00,214,feeder-joule,Joule's feeder,1,/demo,pet
2026-07-18T17:25:17+00:00,cat-joule,Joule,feeding,food_change,34.0,g,2026-07-18T17:25:17+00:00,4,feeder-joule,Joule's feeder,5,/demo,food_addition
2026-07-18T17:26:49+00:00,cat-joule,Joule,feeding,food_change,70.0,g,2026-07-18T17:26:49+00:00,7,feeder-joule,Joule's feeder,5,/demo,food_addition
2026-07-18T17:26:49+00:00,cat-pascal,Pascal,feeding,food_change,70.0,g,2026-07-18T17:26:49+00:00,7,feeder-pascal,Pascal's feeder,5,/demo,food_addition
2026-07-18T17:27:18+00:00,cat-pascal,Pascal,feeding,food_change,26.0,g,2026-07-18T17:27:18+00:00,3,feeder-pascal,Pascal's feeder,5,/demo,food_addition
2026-07-18T17:33:25+00:00,cat-pascal,Pascal,feeding,food_change,2.0,g,2026-07-18T17:33:25+00:00,87,feeder-pascal,Pascal's feeder,1,/demo,pet
2026-07-18T17:51:14+00:00,cat-pascal,Pascal,feeding,food_change,8.0,g,2026-07-18T17:51:14+00:00,228,feeder-pascal,Pascal's feeder,1,/demo,pet
2026-07-18T17:55:40+00:00,cat-pascal,Pascal,feeding,food_change,2.0,g,2026-07-18T17:55:40+00:00,2,feeder-pascal,Pascal's feeder,5,/demo,food_addition
2026-07-18T18:06:29+00:00,cat-pascal,Pascal,feeding,food_change,4.0,g,2026-07-18T18:06:29+00:00,104,feeder-pascal,Pascal's feeder,1,/demo,pet
2026-07-18T18:09:49+00:00,cat-joule,Joule,feeding,food_change,11.0,g,2026-07-18T18:09:49+00:00,141,feeder-joule,Joule's feeder,1,/demo,pet
2026-07-18T18:10:29+00:00,cat-pascal,Pascal,feeding,food_change,2.0,g,2026-07-18T18:10:29+00:00,76,feeder-pascal,Pascal's feeder,1,/demo,pet
2026-07-18T18:26:42+00:00,cat-pascal,Pascal,feeding,food_change,2.0,g,2026-07-18T18:26:42+00:00,88,feeder-pascal,Pascal's feeder,1,/demo,pet
2026-07-18T19:37:48+00:00,cat-pascal,Pascal,feeding,food_change,5.0,g,2026-07-18T19:37:48+00:00,179,feeder-pascal,Pascal's feeder,1,/demo,pet
2026-07-19T01:40:21+00:00,cat-pascal,Pascal,feeding,food_change,3.0,g,2026-07-19T01:40:21+00:00,119,feeder-pascal,Pascal's feeder,1,/demo,pet
2026-07-19T02:05:03+00:00,cat-pascal,Pascal,feeding,food_change,2.0,g,2026-07-19T02:05:03+00:00,90,feeder-pascal,Pascal's feeder,1,/demo,pet
2026-07-19T02:10:52+00:00,cat-joule,Joule,feeding,food_change,6.0,g,2026-07-19T02:10:52+00:00,124,feeder-joule,Joule's feeder,1,/demo,pet
2026-07-19T02:14:06+00:00,cat-joule,Joule,feeding,food_change,3.0,g,2026-07-19T02:14:06+00:00,106,feeder-joule,Joule's feeder,1,/demo,pet
2026-07-19T02:22:15+00:00,cat-pascal,Pascal,feeding,food_change,5.0,g,2026-07-19T02:22:15+00:00,147,feeder-pascal,Pascal's feeder,1,/demo,pet
2026-07-19T03:22:40+00:00,cat-joule,Joule,feeding,food_change,7.0,g,2026-07-19T03:22:40+00:00,120,feeder-joule,Joule's feeder,1,/demo,pet
2026-07-19T04:09:16+00:00,cat-joule,Joule,feeding,food_change,11.0,g,2026-07-19T04:09:16+00:00,204,feeder-joule,Joule's feeder,1,/demo,pet
2026-07-19T05:59:48+00:00,cat-joule,Joule,feeding,food_change,10.0,g,2026-07-19T05:59:48+00:00,131,feeder-joule,Joule's feeder,1,/demo,pet
2026-07-19T07:06:06+00:00,cat-joule,Joule,feeding,food_change,5.0,g,2026-07-19T07:06:06+00:00,84,feeder-joule,Joule's feeder,1,/demo,pet
2026-07-19T09:12:39+00:00,cat-pascal,Pascal,feeding,food_change,6.0,g,2026-07-19T09:12:39+00:00,282,feeder-pascal,Pascal's feeder,1,/demo,pet
2026-07-19T11:44:18+00:00,cat-pascal,Pascal,feeding,food_change,1.0,g,2026-07-19T11:44:18+00:00,91,feeder-pascal,Pascal's feeder,1,/demo,pet
2026-07-19T12:14:48+00:00,cat-pascal,Pascal,feeding,food_change,4.0,g,2026-07-19T12:14:48+00:00,193,feeder-pascal,Pascal's feeder,1,/demo,pet
2026-07-19T13:03:13+00:00,cat-joule,Joule,feeding,food_change,5.0,g,2026-07-19T13:03:13+00:00,123,feeder-joule,Joule's feeder,1,/demo,pet
2026-07-19T16:59:16+00:00,cat-pascal,Pascal,feeding,food_change,46.0,g,2026-07-19T16:59:16+00:00,6,feeder-pascal,Pascal's feeder,5,/demo,food_addition
2026-07-19T17:00:09+00:00,cat-pascal,Pascal,feeding,food_change,57.0,g,2026-07-19T17:00:09+00:00,57,feeder-pascal,Pascal's feeder,5,/demo,food_addition
2026-07-19T17:03:52+00:00,cat-pascal,Pascal,feeding,food_change,26.0,g,2026-07-19T17:03:52+00:00,216,feeder-pascal,Pascal's feeder,1,/demo,pet
2026-07-19T17:23:55+00:00,cat-pascal,Pascal,feeding,food_change,2.0,g,2026-07-19T17:23:55+00:00,54,feeder-pascal,Pascal's feeder,1,/demo,pet
2026-07-19T17:26:16+00:00,cat-pascal,Pascal,feeding,food_change,5.0,g,2026-07-19T17:26:16+00:00,131,feeder-pascal,Pascal's feeder,1,/demo,pet
2026-07-19T17:34:19+00:00,cat-pascal,Pascal,feeding,food_change,3.0,g,2026-07-19T17:34:19+00:00,76,feeder-pascal,Pascal's feeder,1,/demo,pet
2026-07-19T17:55:06+00:00,cat-pascal,Pascal,feeding,food_change,4.0,g,2026-07-19T17:55:06+00:00,163,feeder-pascal,Pascal's feeder,1,/demo,pet
2026-07-19T18:40:39+00:00,cat-joule,Joule,feeding,food_change,10.0,g,2026-07-19T18:40:39+00:00,221,feeder-joule,Joule's feeder,1,/demo,pet
2026-07-19T19:19:56+00:00,cat-joule,Joule,feeding,food_change,3.0,g,2026-07-19T19:19:56+00:00,86,feeder-joule,Joule's feeder,1,/demo,pet
2026-07-19T19:34:37+00:00,cat-pascal,Pascal,feeding,food_change,7.0,g,2026-07-19T19:34:37+00:00,225,feeder-pascal,Pascal's feeder,1,/demo,pet
2026-07-20T01:24:36+00:00,cat-joule,Joule,feeding,food_change,9.0,g,2026-07-20T01:24:36+00:00,221,feeder-joule,Joule's feeder,1,/demo,pet
2026-07-20T02:44:35+00:00,cat-joule,Joule,feeding,food_change,6.0,g,2026-07-20T02:44:35+00:00,135,feeder-joule,Joule's feeder,1,/demo,pet
2026-07-20T03:21:44+00:00,cat-pascal,Pascal,feeding,food_change,3.0,g,2026-07-20T03:21:44+00:00,127,feeder-pascal,Pascal's feeder,1,/demo,pet
2026-07-20T04:39:25+00:00,cat-pascal,Pascal,feeding,food_change,63.0,g,2026-07-20T04:39:25+00:00,5,feeder-pascal,Pascal's feeder,5,/demo,food_addition
2026-07-20T09:43:22+00:00,cat-joule,Joule,feeding,food_change,15.0,g,2026-07-20T09:43:22+00:00,354,feeder-joule,Joule's feeder,1,/demo,pet
2026-07-20T09:49:04+00:00,cat-pascal,Pascal,feeding,food_change,6.0,g,2026-07-20T09:49:04+00:00,112,feeder-pascal,Pascal's feeder,1,/demo,pet
2026-07-20T09:54:05+00:00,cat-joule,Joule,feeding,food_change,7.0,g,2026-07-20T09:54:05+00:00,177,feeder-joule,Joule's feeder,1,/demo,pet
2026-07-20T10:43:41+00:00,cat-pascal,Pascal,feeding,food_change,23.0,g,2026-07-20T10:43:41+00:00,110,feeder-pascal,Pascal's feeder,1,/demo,pet
2026-07-20T11:35:57+00:00,cat-joule,Joule,feeding,food_change,3.0,g,2026-07-20T11:35:57+00:00,90,feeder-joule,Joule's feeder,1,/demo,pet
2026-07-20T11:37:11+00:00,cat-pascal,Pascal,feeding,food_change,1.0,g,2026-07-20T11:37:11+00:00,66,feeder-pascal,Pascal's feeder,1,/demo,pet
2026-07-20T12:15:25+00:00,cat-pascal,Pascal,feeding,food_change,14.0,g,2026-07-20T12:15:25+00:00,181,feeder-pascal,Pascal's feeder,1,/demo,pet
2026-07-20T12:52:11+00:00,cat-pascal,Pascal,feeding,food_change,13.0,g,2026-07-20T12:52:11+00:00,136,feeder-pascal,Pascal's feeder,1,/demo,pet
2026-07-20T13:20:43+00:00,cat-joule,Joule,feeding,food_change,7.0,g,2026-07-20T13:20:43+00:00,192,feeder-joule,Joule's feeder,1,/demo,pet
2026-07-20T16:24:07+00:00,cat-pascal,Pascal,feeding,food_change,2.0,g,2026-07-20T16:24:07+00:00,3,feeder-pascal,Pascal's feeder,5,/demo,food_addition
2026-07-20T16:25:57+00:00,cat-pascal,Pascal,feeding,food_change,9.0,g,2026-07-20T16:25:57+00:00,95,feeder-pascal,Pascal's feeder,1,/demo,pet
2026-07-20T16:32:00+00:00,cat-pascal,Pascal,feeding,food_change,9.0,g,2026-07-20T16:32:00+00:00,133,feeder-pascal,Pascal's feeder,1,/demo,pet
2026-07-20T16:42:18+00:00,cat-joule,Joule,feeding,food_change,7.0,g,2026-07-20T16:42:18+00:00,228,feeder-joule,Joule's feeder,1,/demo,pet
2026-07-20T17:54:37+00:00,cat-pascal,Pascal,feeding,food_change,9.0,g,2026-07-20T17:54:37+00:00,140,feeder-pascal,Pascal's feeder,1,/demo,pet
2026-07-21T01:58:28+00:00,cat-joule,Joule,feeding,food_change,71.0,g,2026-07-21T01:58:28+00:00,4,feeder-joule,Joule's feeder,5,/demo,food_addition
2026-07-21T01:58:44+00:00,cat-joule,Joule,feeding,food_change,63.0,g,2026-07-21T01:58:44+00:00,3,feeder-joule,Joule's feeder,5,/demo,food_addition
2026-07-21T01:58:44+00:00,cat-pascal,Pascal,feeding,food_change,63.0,g,2026-07-21T01:58:44+00:00,3,feeder-pascal,Pascal's feeder,5,/demo,food_addition
2026-07-21T01:58:56+00:00,cat-pascal,Pascal,feeding,food_change,32.0,g,2026-07-21T01:58:56+00:00,3,feeder-pascal,Pascal's feeder,5,/demo,food_addition
2026-07-21T02:02:35+00:00,cat-pascal,Pascal,feeding,food_change,18.0,g,2026-07-21T02:02:35+00:00,99,feeder-pascal,Pascal's feeder,1,/demo,pet
2026-07-21T02:25:45+00:00,cat-joule,Joule,feeding,food_change,10.0,g,2026-07-21T02:25:45+00:00,149,feeder-joule,Joule's feeder,1,/demo,pet
2026-07-21T02:54:09+00:00,cat-pascal,Pascal,feeding,food_change,12.0,g,2026-07-21T02:54:09+00:00,109,feeder-pascal,Pascal's feeder,1,/demo,pet
2026-07-21T03:03:57+00:00,cat-joule,Joule,feeding,food_change,6.0,g,2026-07-21T03:03:57+00:00,126,feeder-joule,Joule's feeder,1,/demo,pet
2026-07-21T04:01:19+00:00,cat-joule,Joule,feeding,food_change,9.0,g,2026-07-21T04:01:19+00:00,114,feeder-joule,Joule's feeder,1,/demo,pet
2026-07-21T06:12:58+00:00,cat-pascal,Pascal,feeding,food_change,7.0,g,2026-07-21T06:12:58+00:00,123,feeder-pascal,Pascal's feeder,1,/demo,pet
2026-07-21T07:18:31+00:00,cat-pascal,Pascal,feeding,food_change,8.0,g,2026-07-21T07:18:31+00:00,40,feeder-pascal,Pascal's feeder,1,/demo,pet
2026-07-21T11:32:02+00:00,cat-pascal,Pascal,feeding,food_change,5.0,g,2026-07-21T11:32:02+00:00,156,feeder-pascal,Pascal's feeder,1,/demo,pet
2026-07-21T11:37:01+00:00,cat-joule,Joule,feeding,food_change,10.0,g,2026-07-21T11:37:01+00:00,157,feeder-joule,Joule's feeder,1,/demo,pet
2026-07-21T11:49:35+00:00,cat-joule,Joule,feeding,food_change,5.0,g,2026-07-21T11:49:35+00:00,125,feeder-joule,Joule's feeder,1,/demo,pet
2026-07-21T12:10:27+00:00,cat-pascal,Pascal,feeding,food_change,9.0,g,2026-07-21T12:10:27+00:00,129,feeder-pascal,Pascal's feeder,1,/demo,pet
2026-07-21T12:56:17+00:00,cat-pascal,Pascal,feeding,food_change,7.0,g,2026-07-21T12:56:17+00:00,80,feeder-pascal,Pascal's feeder,1,/demo,pet
2026-07-21T17:26:35+00:00,cat-joule,Joule,feeding,food_change,6.0,g,2026-07-21T17:26:35+00:00,104,feeder-joule,Joule's feeder,1,/demo,pet
2026-07-21T17:36:59+00:00,cat-pascal,Pascal,feeding,food_change,6.0,g,2026-07-21T17:36:59+00:00,59,feeder-pascal,Pascal's feeder,1,/demo,pet
2026-07-21T17:38:25+00:00,cat-joule,Joule,feeding,food_change,8.0,g,2026-07-21T17:38:25+00:00,165,feeder-joule,Joule's feeder,1,/demo,pet
2026-07-21T17:56:05+00:00,cat-pascal,Pascal,feeding,food_change,6.0,g,2026-07-21T17:56:05+00:00,128,feeder-pascal,Pascal's feeder,1,/demo,pet
2026-07-21T22:09:05+00:00,cat-pascal,Pascal,feeding,food_change,1.0,g,2026-07-21T22:09:05+00:00,44,feeder-pascal,Pascal's feeder,1,/demo,pet
2026-07-21T23:06:22+00:00,cat-joule,Joule,feeding,food_change,8.0,g,2026-07-21T23:06:22+00:00,174,feeder-joule,Joule's feeder,1,/demo,pet
2026-07-22T01:07:07+00:00,cat-joule,Joule,feeding,food_change,4.0,g,2026-07-22T01:07:07+00:00,92,feeder-joule,Joule's feeder,1,/demo,pet
2026-07-22T01:25:51+00:00,cat-joule,Joule,feeding,food_change,7.0,g,2026-07-22T01:25:51+00:00,120,feeder-joule,Joule's feeder,1,/demo,pet
2026-07-22T05:04:19+00:00,cat-joule,Joule,feeding,food_change,10.0,g,2026-07-22T05:04:19+00:00,143,feeder-joule,Joule's feeder,1,/demo,pet
2026-07-22T05:20:02+00:00,cat-joule,Joule,feeding,food_change,4.0,g,2026-07-22T05:20:02+00:00,76,feeder-joule,Joule's feeder,1,/demo,pet
2026-07-22T05:40:00+00:00,cat-pascal,Pascal,feeding,food_change,4.0,g,2026-07-22T05:40:00+00:00,154,feeder-pascal,Pascal's feeder,1,/demo,pet
2026-07-22T05:50:39+00:00,cat-pascal,Pascal,feeding,food_change,1.0,g,2026-07-22T05:50:39+00:00,69,feeder-pascal,Pascal's feeder,1,/demo,pet
2026-07-22T05:52:41+00:00,cat-pascal,Pascal,feeding,food_change,2.0,g,2026-07-22T05:52:41+00:00,39,feeder-pascal,Pascal's feeder,1,/demo,pet
2026-07-22T07:46:49+00:00,cat-pascal,Pascal,feeding,food_change,3.0,g,2026-07-22T07:46:49+00:00,52,feeder-pascal,Pascal's feeder,1,/demo,pet
2026-07-22T07:48:43+00:00,cat-pascal,Pascal,feeding,food_change,5.0,g,2026-07-22T07:48:43+00:00,105,feeder-pascal,Pascal's feeder,1,/demo,pet
2026-07-22T10:12:07+00:00,cat-joule,Joule,feeding,food_change,10.0,g,2026-07-22T10:12:07+00:00,199,feeder-joule,Joule's feeder,1,/demo,pet
2026-07-22T10:34:32+00:00,cat-joule,Joule,feeding,food_change,10.0,g,2026-07-22T10:34:32+00:00,250,feeder-joule,Joule's feeder,1,/demo,pet
2026-07-22T10:48:08+00:00,cat-joule,Joule,feeding,food_change,5.0,g,2026-07-22T10:48:08+00:00,122,feeder-joule,Joule's feeder,1,/demo,pet
2026-07-22T10:53:28+00:00,cat-pascal,Pascal,feeding,food_change,3.0,g,2026-07-22T10:53:28+00:00,95,feeder-pascal,Pascal's feeder,1,/demo,pet
2026-07-22T11:08:52+00:00,cat-pascal,Pascal,feeding,food_change,7.0,g,2026-07-22T11:08:52+00:00,252,feeder-pascal,Pascal's feeder,1,/demo,pet
2026-07-22T12:14:34+00:00,cat-pascal,Pascal,feeding,food_change,4.0,g,2026-07-22T12:14:34+00:00,177,feeder-pascal,Pascal's feeder,1,/demo,pet
2026-07-22T16:29:43+00:00,cat-joule,Joule,feeding,food_change,53.0,g,2026-07-22T16:29:43+00:00,4,feeder-joule,Joule's feeder,5,/demo,food_addition
2026-07-22T16:30:06+00:00,cat-joule,Joule,feeding,food_change,52.0,g,2026-07-22T16:30:06+00:00,3,feeder-joule,Joule's feeder,5,/demo,food_addition
2026-07-22T16:30:06+00:00,cat-pascal,Pascal,feeding,food_change,52.0,g,2026-07-22T16:30:06+00:00,3,feeder-pascal,Pascal's feeder,5,/demo,food_addition
2026-07-22T16:30:35+00:00,cat-pascal,Pascal,feeding,food_change,61.0,g,2026-07-22T16:30:35+00:00,15,feeder-pascal,Pascal's feeder,5,/demo,food_addition
2026-07-22T16:34:52+00:00,cat-joule,Joule,feeding,food_change,4.0,g,2026-07-22T16:34:52+00:00,100,feeder-joule,Joule's feeder,1,/demo,pet
2026-07-22T17:00:00+00:00,cat-pascal,Pascal,feeding,food_change,45.0,g,2026-07-22T17:00:00+00:00,1846,feeder-pascal,Pascal's feeder,5,/demo,food_addition
2026-07-22T17:56:13+00:00,cat-pascal,Pascal,feeding,food_change,7.0,g,2026-07-22T17:56:13+00:00,129,feeder-pascal,Pascal's feeder,1,/demo,pet
2026-07-22T18:01:51+00:00,cat-pascal,Pascal,feeding,food_change,2.0,g,2026-07-22T18:01:51+00:00,62,feeder-pascal,Pascal's feeder,1,/demo,pet
2026-07-22T21:43:39+00:00,cat-joule,Joule,feeding,food_change,4.0,g,2026-07-22T21:43:39+00:00,81,feeder-joule,Joule's feeder,1,/demo,pet
2026-07-22T23:04:12+00:00,cat-joule,Joule,feeding,food_change,3.0,g,2026-07-22T23:04:12+00:00,85,feeder-joule,Joule's feeder,1,/demo,pet
2026-07-23T00:35:24+00:00,cat-joule,Joule,feeding,food_change,6.0,g,2026-07-23T00:35:24+00:00,130,feeder-joule,Joule's feeder,1,/demo,pet
2026-07-23T00:37:03+00:00,cat-pascal,Pascal,feeding,food_change,7.0,g,2026-07-23T00:37:03+00:00,180,feeder-pascal,Pascal's feeder,1,/demo,pet
2026-07-23T03:35:49+00:00,cat-pascal,Pascal,feeding,food_change,6.0,g,2026-07-23T03:35:49+00:00,165,feeder-pascal,Pascal's feeder,1,/demo,pet
2026-07-23T03:48:34+00:00,cat-joule,Joule,feeding,food_change,6.0,g,2026-07-23T03:48:34+00:00,124,feeder-joule,Joule's feeder,1,/demo,pet
2026-07-23T05:23:45+00:00,cat-joule,Joule,feeding,food_change,8.0,g,2026-07-23T05:23:45+00:00,114,feeder-joule,Joule's feeder,1,/demo,pet
2026-07-23T10:01:52+00:00,cat-pascal,Pascal,feeding,food_change,8.0,g,2026-07-23T10:01:52+00:00,197,feeder-pascal,Pascal's feeder,1,/demo,pet
2026-07-23T10:59:52+00:00,cat-joule,Joule,feeding,food_change,13.0,g,2026-07-23T10:59:52+00:00,166,feeder-joule,Joule's feeder,1,/demo,pet
2026-07-23T11:11:38+00:00,cat-joule,Joule,feeding,food_change,7.0,g,2026-07-23T11:11:38+00:00,170,feeder-joule,Joule's feeder,1,/demo,pet
2026-07-23T11:12:56+00:00,cat-pascal,Pascal,feeding,food_change,8.0,g,2026-07-23T11:12:56+00:00,186,feeder-pascal,Pascal's feeder,1,/demo,pet
2026-07-23T11:47:05+00:00,cat-joule,Joule,feeding,food_change,5.0,g,2026-07-23T11:47:05+00:00,108,feeder-joule,Joule's feeder,1,/demo,pet
2026-07-23T11:57:17+00:00,cat-pascal,Pascal,feeding,food_change,5.0,g,2026-07-23T11:57:17+00:00,165,feeder-pascal,Pascal's feeder,1,/demo,pet
2026-07-23T11:58:31+00:00,cat-pascal,Pascal,feeding,food_change,2.0,g,2026-07-23T11:58:31+00:00,68,feeder-pascal,Pascal's feeder,1,/demo,pet
2026-07-23T14:06:07+00:00,cat-joule,Joule,feeding,food_change,4.0,g,2026-07-23T14:06:07+00:00,117,feeder-joule,Joule's feeder,1,/demo,pet
2026-07-23T16:23:34+00:00,cat-pascal,Pascal,feeding,food_change,52.0,g,2026-07-23T16:23:34+00:00,15,feeder-pascal,Pascal's feeder,5,/demo,food_addition
2026-07-23T16:31:39+00:00,cat-pascal,Pascal,feeding,food_change,7.0,g,2026-07-23T16:31:39+00:00,147,feeder-pascal,Pascal's feeder,1,/demo,pet
2026-07-23T16:40:00+00:00,cat-pascal,Pascal,feeding,food_change,5.0,g,2026-07-23T16:40:00+00:00,95,feeder-pascal,Pascal's feeder,1,/demo,pet
2026-07-23T16:41:13+00:00,cat-joule,Joule,feeding,food_change,5.0,g,2026-07-23T16:41:13+00:00,110,feeder-joule,Joule's feeder,1,/demo,pet
2026-07-23T16:52:32+00:00,cat-pascal,Pascal,feeding,food_change,5.0,g,2026-07-23T16:52:32+00:00,89,feeder-pascal,Pascal's feeder,1,/demo,pet
2026-07-23T19:45:20+00:00,cat-joule,Joule,feeding,food_change,10.0,g,2026-07-23T19:45:20+00:00,231,feeder-joule,Joule's feeder,1,/demo,pet
2026-07-23T22:44:11+00:00,cat-pascal,Pascal,feeding,food_change,7.0,g,2026-07-23T22:44:11+00:00,156,feeder-pascal,Pascal's feeder,1,/demo,pet
2026-07-23T22:59:22+00:00,cat-joule,Joule,feeding,food_change,7.0,g,2026-07-23T22:59:22+00:00,166,feeder-joule,Joule's feeder,1,/demo,pet
2026-07-24T03:34:47+00:00,cat-joule,Joule,feeding,food_change,7.0,g,2026-07-24T03:34:47+00:00,220,feeder-joule,Joule's feeder,1,/demo,pet
2026-07-24T04:53:08+00:00,cat-joule,Joule,feeding,food_change,7.0,g,2026-07-24T04:53:08+00:00,216,feeder-joule,Joule's feeder,1,/demo,pet
2026-07-24T05:00:29+00:00,cat-pascal,Pascal,feeding,food_change,6.0,g,2026-07-24T05:00:29+00:00,145,feeder-pascal,Pascal's feeder,1,/demo,pet
2026-07-24T05:22:45+00:00,cat-pascal,Pascal,feeding,food_change,2.0,g,2026-07-24T05:22:45+00:00,49,feeder-pascal,Pascal's feeder,1,/demo,pet
2026-07-24T05:24:51+00:00,cat-pascal,Pascal,feeding,food_change,2.0,g,2026-07-24T05:24:51+00:00,61,feeder-pascal,Pascal's feeder,1,/demo,pet
2026-07-24T09:20:07+00:00,cat-joule,Joule,feeding,food_change,9.0,g,2026-07-24T09:20:07+00:00,228,feeder-joule,Joule's feeder,1,/demo,pet
2026-07-24T11:05:00+00:00,cat-pascal,Pascal,feeding,food_change,4.0,g,2026-07-24T11:05:00+00:00,138,feeder-pascal,Pascal's feeder,1,/demo,pet
2026-07-24T11:21:55+00:00,cat-joule,Joule,feeding,food_change,8.0,g,2026-07-24T11:21:55+00:00,205,feeder-joule,Joule's feeder,1,/demo,pet
2026-07-24T11:51:32+00:00,cat-pascal,Pascal,feeding,food_change,2.0,g,2026-07-24T11:51:32+00:00,48,feeder-pascal,Pascal's feeder,1,/demo,pet
2026-07-24T11:54:22+00:00,cat-pascal,Pascal,feeding,food_change,8.0,g,2026-07-24T11:54:22+00:00,158,feeder-pascal,Pascal's feeder,1,/demo,pet
2026-07-24T14:16:20+00:00,cat-joule,Joule,feeding,food_change,3.0,g,2026-07-24T14:16:20+00:00,124,feeder-joule,Joule's feeder,1,/demo,pet
2026-07-24T17:41:13+00:00,cat-joule,Joule,feeding,food_change,1.0,g,2026-07-24T17:41:13+00:00,0,feeder-joule,Joule's feeder,6,/demo,system_event
2026-07-24T17:41:13+00:00,cat-pascal,Pascal,feeding,food_change,1.0,g,2026-07-24T17:41:13+00:00,0,feeder-pascal,Pascal's feeder,6,/demo,system_event
2026-07-24T17:41:33+00:00,cat-joule,Joule,feeding,food_change,61.0,g,2026-07-24T17:41:33+00:00,26,feeder-joule,Joule's feeder,5,/demo,food_addition
2026-07-24T17:41:33+00:00,cat-pascal,Pascal,feeding,food_change,61.0,g,2026-07-24T17:41:33+00:00,26,feeder-pascal,Pascal's feeder,5,/demo,food_addition
2026-07-24T17:45:04+00:00,cat-pascal,Pascal,feeding,food_change,0.0,g,2026-07-24T17:45:04+00:00,0,feeder-pascal,Pascal's feeder,6,/demo,system_event
2026-07-24T17:45:18+00:00,cat-pascal,Pascal,feeding,food_change,63.0,g,2026-07-24T17:45:18+00:00,36,feeder-pascal,Pascal's feeder,5,/demo,food_addition
2026-07-24T17:45:32+00:00,cat-joule,Joule,feeding,food_change,1.0,g,2026-07-24T17:45:32+00:00,0,feeder-joule,Joule's feeder,6,/demo,system_event
2026-07-24T17:45:38+00:00,cat-joule,Joule,feeding,food_change,93.0,g,2026-07-24T17:45:38+00:00,16,feeder-joule,Joule's feeder,5,/demo,food_addition
2026-07-24T17:46:40+00:00,cat-pascal,Pascal,feeding,food_change,2.0,g,2026-07-24T17:46:40+00:00,72,feeder-pascal,Pascal's feeder,1,/demo,pet
2026-07-24T17:56:59+00:00,cat-pascal,Pascal,feeding,food_change,3.0,g,2026-07-24T17:56:59+00:00,79,feeder-pascal,Pascal's feeder,1,/demo,pet
2026-07-24T17:58:12+00:00,cat-pascal,Pascal,feeding,food_change,2.0,g,2026-07-24T17:58:12+00:00,51,feeder-pascal,Pascal's feeder,1,/demo,pet
2026-07-24T21:13:38+00:00,cat-joule,Joule,feeding,food_change,4.0,g,2026-07-24T21:13:38+00:00,77,feeder-joule,Joule's feeder,1,/demo,pet
2026-07-25T00:11:05+00:00,cat-joule,Joule,feeding,food_change,6.0,g,2026-07-25T00:11:05+00:00,100,feeder-joule,Joule's feeder,1,/demo,pet
2026-07-25T00:15:40+00:00,cat-pascal,Pascal,feeding,food_change,3.0,g,2026-07-25T00:15:40+00:00,83,feeder-pascal,Pascal's feeder,1,/demo,pet
2026-07-25T04:17:29+00:00,cat-joule,Joule,feeding,food_change,8.0,g,2026-07-25T04:17:29+00:00,149,feeder-joule,Joule's feeder,1,/demo,pet
2026-07-25T04:47:05+00:00,cat-joule,Joule,feeding,food_change,8.0,g,2026-07-25T04:47:05+00:00,107,feeder-joule,Joule's feeder,1,/demo,pet
2026-07-25T04:53:46+00:00,cat-pascal,Pascal,feeding,food_change,6.0,g,2026-07-25T04:53:46+00:00,145,feeder-pascal,Pascal's feeder,1,/demo,pet
2026-07-25T06:00:34+00:00,cat-joule,Joule,feeding,food_change,4.0,g,2026-07-25T06:00:34+00:00,79,feeder-joule,Joule's feeder,1,/demo,pet
2026-07-25T06:29:49+00:00,cat-pascal,Pascal,feeding,food_change,5.0,g,2026-07-25T06:29:49+00:00,144,feeder-pascal,Pascal's feeder,1,/demo,pet
2026-07-25T10:29:12+00:00,cat-pascal,Pascal,feeding,food_change,6.0,g,2026-07-25T10:29:12+00:00,124,feeder-pascal,Pascal's feeder,1,/demo,pet
2026-07-25T11:11:18+00:00,cat-joule,Joule,feeding,food_change,11.0,g,2026-07-25T11:11:18+00:00,157,feeder-joule,Joule's feeder,1,/demo,pet
2026-07-25T11:28:33+00:00,cat-joule,Joule,feeding,food_change,3.0,g,2026-07-25T11:28:33+00:00,77,feeder-joule,Joule's feeder,1,/demo,pet
2026-07-25T11:30:04+00:00,cat-joule,Joule,feeding,food_change,2.0,g,2026-07-25T11:30:04+00:00,69,feeder-joule,Joule's feeder,1,/demo,pet
2026-07-25T11:38:36+00:00,cat-pascal,Pascal,feeding,food_change,1.0,g,2026-07-25T11:38:36+00:00,45,feeder-pascal,Pascal's feeder,1,/demo,pet
2026-07-25T11:39:24+00:00,cat-pascal,Pascal,feeding,food_change,2.0,g,2026-07-25T11:39:24+00:00,34,feeder-pascal,Pascal's feeder,1,/demo,pet
2026-07-25T11:40:40+00:00,cat-pascal,Pascal,feeding,food_change,3.0,g,2026-07-25T11:40:40+00:00,62,feeder-pascal,Pascal's feeder,1,/demo,pet
2026-07-25T12:04:38+00:00,cat-pascal,Pascal,feeding,food_change,3.0,g,2026-07-25T12:04:38+00:00,78,feeder-pascal,Pascal's feeder,1,/demo,pet
2026-07-25T12:16:59+00:00,cat-pascal,Pascal,feeding,food_change,2.0,g,2026-07-25T12:16:59+00:00,52,feeder-pascal,Pascal's feeder,1,/demo,pet
2026-07-25T16:47:42+00:00,cat-pascal,Pascal,feeding,food_change,2.0,g,2026-07-25T16:47:42+00:00,8,feeder-pascal,Pascal's feeder,5,/demo,food_addition
2026-07-25T16:49:39+00:00,cat-joule,Joule,feeding,food_change,5.0,g,2026-07-25T16:49:39+00:00,118,feeder-joule,Joule's feeder,1,/demo,pet
2026-07-25T16:49:44+00:00,cat-pascal,Pascal,feeding,food_change,8.0,g,2026-07-25T16:49:44+00:00,112,feeder-pascal,Pascal's feeder,1,/demo,pet
2026-07-25T17:04:05+00:00,cat-pascal,Pascal,feeding,food_change,6.0,g,2026-07-25T17:04:05+00:00,190,feeder-pascal,Pascal's feeder,1,/demo,pet
2026-07-25T18:01:50+00:00,cat-pascal,Pascal,feeding,food_change,3.0,g,2026-07-25T18:01:50+00:00,91,feeder-pascal,Pascal's feeder,1,/demo,pet
2026-07-25T18:17:43+00:00,cat-pascal,Pascal,feeding,food_change,4.0,g,2026-07-25T18:17:43+00:00,97,feeder-pascal,Pascal's feeder,1,/demo,pet
2026-07-25T19:39:21+00:00,cat-pascal,Pascal,feeding,food_change,70.0,g,2026-07-25T19:39:21+00:00,6,feeder-pascal,Pascal's feeder,5,/demo,food_addition
2026-07-25T19:39:57+00:00,cat-joule,Joule,feeding,food_change,75.0,g,2026-07-25T19:39:57+00:00,3,feeder-joule,Joule's feeder,5,/demo,food_addition
2026-07-25T19:39:57+00:00,cat-pascal,Pascal,feeding,food_change,75.0,g,2026-07-25T19:39:57+00:00,3,feeder-pascal,Pascal's feeder,5,/demo,food_addition
2026-07-25T22:51:41+00:00,cat-joule,Joule,feeding,food_change,8.0,g,2026-07-25T22:51:41+00:00,161,feeder-joule,Joule's feeder,1,/demo,pet
2026-07-25T23:44:54+00:00,cat-joule,Joule,feeding,food_change,7.0,g,2026-07-25T23:44:54+00:00,132,feeder-joule,Joule's feeder,1,/demo,pet
2026-07-26T01:56:31+00:00,cat-pascal,Pascal,feeding,food_change,7.0,g,2026-07-26T01:56:31+00:00,85,feeder-pascal,Pascal's feeder,1,/demo,pet
2026-07-26T03:13:37+00:00,cat-pascal,Pascal,feeding,food_change,7.0,g,2026-07-26T03:13:37+00:00,194,feeder-pascal,Pascal's feeder,1,/demo,pet
2026-07-26T03:16:23+00:00,cat-joule,Joule,feeding,food_change,6.0,g,2026-07-26T03:16:23+00:00,201,feeder-joule,Joule's feeder,1,/demo,pet
2026-07-26T03:33:22+00:00,cat-joule,Joule,feeding,food_change,72.0,g,2026-07-26T03:33:22+00:00,7,feeder-joule,Joule's feeder,5,/demo,food_addition
2026-07-26T04:43:13+00:00,cat-joule,Joule,feeding,food_change,4.0,g,2026-07-26T04:43:13+00:00,98,feeder-joule,Joule's feeder,1,/demo,pet
2026-07-26T10:43:48+00:00,cat-joule,Joule,feeding,food_change,12.0,g,2026-07-26T10:43:48+00:00,156,feeder-joule,Joule's feeder,1,/demo,pet
2026-07-26T11:25:23+00:00,cat-joule,Joule,feeding,food_change,8.0,g,2026-07-26T11:25:23+00:00,122,feeder-joule,Joule's feeder,1,/demo,pet
2026-07-26T11:47:08+00:00,cat-joule,Joule,feeding,food_change,6.0,g,2026-07-26T11:47:08+00:00,132,feeder-joule,Joule's feeder,1,/demo,pet
2026-07-26T11:48:17+00:00,cat-pascal,Pascal,feeding,food_change,8.0,g,2026-07-26T11:48:17+00:00,141,feeder-pascal,Pascal's feeder,1,/demo,pet
2026-07-26T12:32:53+00:00,cat-pascal,Pascal,feeding,food_change,4.0,g,2026-07-26T12:32:53+00:00,74,feeder-pascal,Pascal's feeder,1,/demo,pet
2026-07-26T16:39:53+00:00,cat-joule,Joule,feeding,food_change,4.0,g,2026-07-26T16:39:53+00:00,86,feeder-joule,Joule's feeder,1,/demo,pet
2026-07-26T16:40:36+00:00,cat-pascal,Pascal,feeding,food_change,7.0,g,2026-07-26T16:40:36+00:00,197,feeder-pascal,Pascal's feeder,1,/demo,pet
2026-07-26T17:09:47+00:00,cat-pascal,Pascal,feeding,food_change,8.0,g,2026-07-26T17:09:47+00:00,162,feeder-pascal,Pascal's feeder,1,/demo,pet
2026-07-26T22:13:56+00:00,cat-pascal,Pascal,feeding,food_change,8.0,g,2026-07-26T22:13:56+00:00,217,feeder-pascal,Pascal's feeder,1,/demo,pet
2026-07-26T22:16:02+00:00,cat-joule,Joule,feeding,food_change,6.0,g,2026-07-26T22:16:02+00:00,125,feeder-joule,Joule's feeder,1,/demo,pet
2026-07-26T23:04:45+00:00,cat-joule,Joule,feeding,food_change,4.0,g,2026-07-26T23:04:45+00:00,72,feeder-joule,Joule's feeder,1,/demo,pet
2026-07-26T23:20:13+00:00,cat-joule,Joule,feeding,food_change,3.0,g,2026-07-26T23:20:13+00:00,75,feeder-joule,Joule's feeder,1,/demo,pet
2026-07-26T23:33:48+00:00,cat-joule,Joule,feeding,food_change,5.0,g,2026-07-26T23:33:48+00:00,102,feeder-joule,Joule's feeder,1,/demo,pet
2026-07-26T23:51:17+00:00,cat-pascal,Pascal,feeding,food_change,6.0,g,2026-07-26T23:51:17+00:00,117,feeder-pascal,Pascal's feeder,1,/demo,pet
2026-07-27T03:24:53+00:00,cat-pascal,Pascal,feeding,food_change,8.0,g,2026-07-27T03:24:53+00:00,238,feeder-pascal,Pascal's feeder,1,/demo,pet
2026-07-27T03:34:16+00:00,cat-joule,Joule,feeding,food_change,9.0,g,2026-07-27T03:34:16+00:00,162,feeder-joule,Joule's feeder,1,/demo,pet
2026-07-27T05:05:35+00:00,cat-joule,Joule,feeding,food_change,5.0,g,2026-07-27T05:05:35+00:00,107,feeder-joule,Joule's feeder,1,/demo,pet
2026-07-27T05:23:37+00:00,cat-pascal,Pascal,feeding,food_change,7.0,g,2026-07-27T05:23:37+00:00,169,feeder-pascal,Pascal's feeder,1,/demo,pet
2026-07-27T05:29:35+00:00,cat-joule,Joule,feeding,food_change,2.0,g,2026-07-27T05:29:35+00:00,57,feeder-joule,Joule's feeder,1,/demo,pet
2026-07-27T06:33:00+00:00,cat-pascal,Pascal,feeding,food_change,3.0,g,2026-07-27T06:33:00+00:00,120,feeder-pascal,Pascal's feeder,1,/demo,pet
2026-07-27T11:10:02+00:00,cat-joule,Joule,feeding,food_change,15.0,g,2026-07-27T11:10:02+00:00,279,feeder-joule,Joule's feeder,1,/demo,pet
2026-07-27T11:17:16+00:00,cat-joule,Joule,feeding,food_change,2.0,g,2026-07-27T11:17:16+00:00,62,feeder-joule,Joule's feeder,1,/demo,pet
2026-07-27T11:25:37+00:00,cat-joule,Joule,feeding,food_change,8.0,g,2026-07-27T11:25:37+00:00,176,feeder-joule,Joule's feeder,1,/demo,pet
2026-07-27T11:46:26+00:00,cat-pascal,Pascal,feeding,food_change,2.0,g,2026-07-27T11:46:26+00:00,92,feeder-pascal,Pascal's feeder,1,/demo,pet
2026-07-27T11:48:03+00:00,cat-pascal,Pascal,feeding,food_change,3.0,g,2026-07-27T11:48:03+00:00,85,feeder-pascal,Pascal's feeder,1,/demo,pet
2026-07-27T12:11:19+00:00,cat-pascal,Pascal,feeding,food_change,4.0,g,2026-07-27T12:11:19+00:00,116,feeder-pascal,Pascal's feeder,1,/demo,pet
2026-07-27T16:35:33+00:00,cat-joule,Joule,feeding,food_change,5.0,g,2026-07-27T16:35:33+00:00,105,feeder-joule,Joule's feeder,1,/demo,pet
2026-07-27T16:38:54+00:00,cat-pascal,Pascal,feeding,food_change,52.0,g,2026-07-27T16:38:54+00:00,12,feeder-pascal,Pascal's feeder,5,/demo,food_addition
2026-07-27T16:39:03+00:00,cat-joule,Joule,feeding,food_change,56.0,g,2026-07-27T16:39:03+00:00,3,feeder-joule,Joule's feeder,5,/demo,food_addition
2026-07-27T16:39:03+00:00,cat-pascal,Pascal,feeding,food_change,56.0,g,2026-07-27T16:39:03+00:00,3,feeder-pascal,Pascal's feeder,5,/demo,food_addition
2026-07-27T16:40:35+00:00,cat-pascal,Pascal,feeding,food_change,3.0,g,2026-07-27T16:40:35+00:00,91,feeder-pascal,Pascal's feeder,1,/demo,pet
2026-07-27T16:47:05+00:00,cat-pascal,Pascal,feeding,food_change,5.0,g,2026-07-27T16:47:05+00:00,107,feeder-pascal,Pascal's feeder,1,/demo,pet
2026-07-27T20:32:06+00:00,cat-joule,Joule,feeding,food_change,7.0,g,2026-07-27T20:32:06+00:00,189,feeder-joule,Joule's feeder,1,/demo,pet
2026-07-27T20:52:30+00:00,cat-pascal,Pascal,feeding,food_change,4.0,g,2026-07-27T20:52:30+00:00,99,feeder-pascal,Pascal's feeder,1,/demo,pet
2026-07-27T20:59:57+00:00,cat-pascal,Pascal,feeding,food_change,4.0,g,2026-07-27T20:59:57+00:00,76,feeder-pascal,Pascal's feeder,1,/demo,pet
2026-07-27T22:10:15+00:00,cat-pascal,Pascal,feeding,food_change,5.0,g,2026-07-27T22:10:15+00:00,92,feeder-pascal,Pascal's feeder,1,/demo,pet
2026-07-28T01:37:38+00:00,cat-joule,Joule,feeding,food_change,8.0,g,2026-07-28T01:37:38+00:00,259,feeder-joule,Joule's feeder,1,/demo,pet
2026-07-28T02:04:32+00:00,cat-pascal,Pascal,feeding,food_change,5.0,g,2026-07-28T02:04:32+00:00,136,feeder-pascal,Pascal's feeder,1,/demo,pet
2026-07-28T04:20:23+00:00,cat-joule,Joule,feeding,food_change,7.0,g,2026-07-28T04:20:23+00:00,213,feeder-joule,Joule's feeder,1,/demo,pet
2026-07-28T04:38:33+00:00,cat-pascal,Pascal,feeding,food_change,6.0,g,2026-07-28T04:38:33+00:00,177,feeder-pascal,Pascal's feeder,1,/demo,pet
2026-07-28T04:51:48+00:00,cat-pascal,Pascal,feeding,food_change,4.0,g,2026-07-28T04:51:48+00:00,102,feeder-pascal,Pascal's feeder,1,/demo,pet
2026-07-28T05:56:14+00:00,cat-joule,Joule,feeding,food_change,9.0,g,2026-07-28T05:56:14+00:00,152,feeder-joule,Joule's feeder,1,/demo,pet
2026-07-28T11:12:21+00:00,cat-joule,Joule,feeding,food_change,8.0,g,2026-07-28T11:12:21+00:00,134,feeder-joule,Joule's feeder,1,/demo,pet
2026-07-28T12:01:40+00:00,cat-pascal,Pascal,feeding,food_change,3.0,g,2026-07-28T12:01:40+00:00,72,feeder-pascal,Pascal's feeder,1,/demo,pet
2026-07-28T12:09:54+00:00,cat-joule,Joule,feeding,food_change,3.0,g,2026-07-28T12:09:54+00:00,100,feeder-joule,Joule's feeder,1,/demo,pet
2026-07-28T12:11:24+00:00,cat-pascal,Pascal,feeding,food_change,4.0,g,2026-07-28T12:11:24+00:00,129,feeder-pascal,Pascal's feeder,1,/demo,pet
2026-07-28T12:29:30+00:00,cat-pascal,Pascal,feeding,food_change,2.0,g,2026-07-28T12:29:30+00:00,56,feeder-pascal,Pascal's feeder,1,/demo,pet
2026-07-28T12:30:49+00:00,cat-pascal,Pascal,feeding,food_change,11.0,g,2026-07-28T12:30:49+00:00,62,feeder-pascal,Pascal's feeder,1,/demo,pet
2026-07-28T16:11:59+00:00,cat-pascal,Pascal,feeding,food_change,8.0,g,2026-07-28T16:11:59+00:00,23,feeder-pascal,Pascal's feeder,1,/demo,pet
2026-07-28T16:15:03+00:00,cat-pascal,Pascal,feeding,food_change,4.0,g,2026-07-28T16:15:03+00:00,0,feeder-pascal,Pascal's feeder,5,/demo,food_addition
2026-07-28T16:17:45+00:00,cat-pascal,Pascal,feeding,food_change,5.0,g,2026-07-28T16:17:45+00:00,201,feeder-pascal,Pascal's feeder,1,/demo,pet
2026-07-28T16:19:29+00:00,cat-joule,Joule,feeding,food_change,9.0,g,2026-07-28T16:19:29+00:00,263,feeder-joule,Joule's feeder,1,/demo,pet
2026-07-28T17:14:17+00:00,cat-joule,Joule,feeding,food_change,57.0,g,2026-07-28T17:14:17+00:00,3,feeder-joule,Joule's feeder,5,/demo,food_addition
2026-07-28T17:16:42+00:00,cat-pascal,Pascal,feeding,food_change,59.0,g,2026-07-28T17:16:42+00:00,4,feeder-pascal,Pascal's feeder,5,/demo,food_addition
2026-07-28T17:35:53+00:00,cat-pascal,Pascal,feeding,food_change,5.0,g,2026-07-28T17:35:53+00:00,94,feeder-pascal,Pascal's feeder,1,/demo,pet
2026-07-28T18:30:33+00:00,cat-pascal,Pascal,feeding,food_change,10.0,g,2026-07-28T18:30:33+00:00,180,feeder-pascal,Pascal's feeder,1,/demo,pet
2026-07-28T21:24:46+00:00,cat-joule,Joule,feeding,food_change,7.0,g,2026-07-28T21:24:46+00:00,110,feeder-joule,Joule's feeder,1,/demo,pet
2026-07-28T23:01:25+00:00,cat-pascal,Pascal,feeding,food_change,6.0,g,2026-07-28T23:01:25+00:00,193,feeder-pascal,Pascal's feeder,1,/demo,pet
2026-07-29T02:31:34+00:00,cat-joule,Joule,feeding,food_change,3.0,g,2026-07-29T02:31:34+00:00,66,feeder-joule,Joule's feeder,1,/demo,pet
2026-07-29T04:05:17+00:00,cat-pascal,Pascal,feeding,food_change,7.0,g,2026-07-29T04:05:17+00:00,267,feeder-pascal,Pascal's feeder,1,/demo,pet
2026-07-29T04:14:01+00:00,cat-joule,Joule,feeding,food_change,10.0,g,2026-07-29T04:14:01+00:00,182,feeder-joule,Joule's feeder,1,/demo,pet
2026-07-29T04:27:13+00:00,cat-joule,Joule,feeding,food_change,5.0,g,2026-07-29T04:27:13+00:00,75,feeder-joule,Joule's feeder,1,/demo,pet
2026-07-29T04:53:22+00:00,cat-joule,Joule,feeding,food_change,10.0,g,2026-07-29T04:53:22+00:00,181,feeder-joule,Joule's feeder,1,/demo,pet
2026-07-29T05:20:41+00:00,cat-pascal,Pascal,feeding,food_change,4.0,g,2026-07-29T05:20:41+00:00,92,feeder-pascal,Pascal's feeder,1,/demo,pet
2026-07-29T10:50:00+00:00,cat-pascal,Pascal,feeding,food_change,6.0,g,2026-07-29T10:50:00+00:00,142,feeder-pascal,Pascal's feeder,1,/demo,pet
2026-07-29T11:05:56+00:00,cat-joule,Joule,feeding,food_change,12.0,g,2026-07-29T11:05:56+00:00,298,feeder-joule,Joule's feeder,1,/demo,pet
2026-07-29T11:51:06+00:00,cat-pascal,Pascal,feeding,food_change,6.0,g,2026-07-29T11:51:06+00:00,154,feeder-pascal,Pascal's feeder,1,/demo,pet
2026-07-29T15:41:28+00:00,cat-pascal,Pascal,feeding,food_change,4.0,g,2026-07-29T15:41:28+00:00,141,feeder-pascal,Pascal's feeder,1,/demo,pet
2026-07-29T16:45:54+00:00,cat-joule,Joule,feeding,food_change,5.0,g,2026-07-29T16:45:54+00:00,123,feeder-joule,Joule's feeder,1,/demo,pet
2026-07-29T16:51:51+00:00,cat-pascal,Pascal,feeding,food_change,3.0,g,2026-07-29T16:51:51+00:00,94,feeder-pascal,Pascal's feeder,1,/demo,pet
2026-07-29T16:55:37+00:00,cat-pascal,Pascal,feeding,food_change,5.0,g,2026-07-29T16:55:37+00:00,147,feeder-pascal,Pascal's feeder,1,/demo,pet
2026-07-29T17:44:33+00:00,cat-pascal,Pascal,feeding,food_change,8.0,g,2026-07-29T17:44:33+00:00,113,feeder-pascal,Pascal's feeder,1,/demo,pet
2026-07-29T22:31:45+00:00,cat-joule,Joule,feeding,food_change,9.0,g,2026-07-29T22:31:45+00:00,185,feeder-joule,Joule's feeder,1,/demo,pet
2026-07-29T22:38:40+00:00,cat-pascal,Pascal,feeding,food_change,7.0,g,2026-07-29T22:38:40+00:00,176,feeder-pascal,Pascal's feeder,1,/demo,pet
2026-07-30T02:44:54+00:00,cat-pascal,Pascal,feeding,food_change,1.0,g,2026-07-30T02:44:54+00:00,56,feeder-pascal,Pascal's feeder,1,/demo,pet
2026-07-30T02:53:24+00:00,cat-pascal,Pascal,feeding,food_change,2.0,g,2026-07-30T02:53:24+00:00,54,feeder-pascal,Pascal's feeder,1,/demo,pet
2026-07-30T03:07:39+00:00,cat-joule,Joule,feeding,food_change,4.0,g,2026-07-30T03:07:39+00:00,122,feeder-joule,Joule's feeder,1,/demo,pet
2026-07-30T03:29:37+00:00,cat-joule,Joule,feeding,food_change,2.0,g,2026-07-30T03:29:37+00:00,62,feeder-joule,Joule's feeder,1,/demo,pet
2026-07-30T04:06:55+00:00,cat-pascal,Pascal,feeding,food_change,6.0,g,2026-07-30T04:06:55+00:00,169,feeder-pascal,Pascal's feeder,1,/demo,pet
2026-07-30T04:15:14+00:00,cat-joule,Joule,feeding,food_change,3.0,g,2026-07-30T04:15:14+00:00,111,feeder-joule,Joule's feeder,1,/demo,pet
2026-07-30T04:20:09+00:00,cat-pascal,Pascal,feeding,food_change,1.0,g,2026-07-30T04:20:09+00:00,55,feeder-pascal,Pascal's feeder,1,/demo,pet
2026-07-30T04:32:42+00:00,cat-pascal,Pascal,feeding,food_change,4.0,g,2026-07-30T04:32:42+00:00,76,feeder-pascal,Pascal's feeder,1,/demo,pet
2026-07-30T04:33:27+00:00,cat-pascal,Pascal,feeding,food_change,2.0,g,2026-07-30T04:33:27+00:00,42,feeder-pascal,Pascal's feeder,1,/demo,pet
2026-07-30T05:54:34+00:00,cat-pascal,Pascal,feeding,food_change,4.0,g,2026-07-30T05:54:34+00:00,115,feeder-pascal,Pascal's feeder,1,/demo,pet
2026-07-30T07:04:00Z,cat-pascal,Pascal,hydration,fountain_change,9,g,2026-07-30T07:04:00Z,15,fountain-kitchen,Kitchen fountain,1,/demo-supplemental,pet
2026-07-30T09:27:59+00:00,cat-joule,Joule,feeding,food_change,7.0,g,2026-07-30T09:27:59+00:00,141,feeder-joule,Joule's feeder,1,/demo,pet
2026-07-30T09:32:08+00:00,cat-joule,Joule,feeding,food_change,8.0,g,2026-07-30T09:32:08+00:00,230,feeder-joule,Joule's feeder,1,/demo,pet
2026-07-30T11:19:28+00:00,cat-joule,Joule,feeding,food_change,8.0,g,2026-07-30T11:19:28+00:00,195,feeder-joule,Joule's feeder,1,/demo,pet
2026-07-30T11:47:56+00:00,cat-pascal,Pascal,feeding,food_change,3.0,g,2026-07-30T11:47:56+00:00,118,feeder-pascal,Pascal's feeder,1,/demo,pet
2026-07-30T12:05:37+00:00,cat-pascal,Pascal,feeding,food_change,4.0,g,2026-07-30T12:05:37+00:00,141,feeder-pascal,Pascal's feeder,1,/demo,pet
2026-07-30T12:45:51+00:00,cat-pascal,Pascal,feeding,food_change,5.0,g,2026-07-30T12:45:51+00:00,202,feeder-pascal,Pascal's feeder,1,/demo,pet
2026-07-30T14:53:02+00:00,cat-joule,Joule,feeding,food_change,8.0,g,2026-07-30T14:53:02+00:00,205,feeder-joule,Joule's feeder,1,/demo,pet
2026-07-30T16:07:41+00:00,cat-pascal,Pascal,feeding,food_change,5.0,g,2026-07-30T16:07:41+00:00,86,feeder-pascal,Pascal's feeder,1,/demo,pet
2026-07-30T16:42:59+00:00,cat-pascal,Pascal,feeding,food_change,6.0,g,2026-07-30T16:42:59+00:00,131,feeder-pascal,Pascal's feeder,1,/demo,pet
2026-07-30T17:40:00Z,cat-joule,Joule,hydration,fountain_change,7,g,2026-07-30T17:40:00Z,14,fountain-back,Back fountain,1,/demo-supplemental,pet
2026-07-30T18:58:00Z,,,ambient,water_removed,18,ml,2026-07-30T18:58:00Z,,fountain-kitchen,Kitchen fountain,,/demo-supplemental,ambient
